"","from","V1","V3","N"
"1","","balderstonkrism",NA,1
"2","","barnettrrubin",NA,1
"3","","brigetyreuben",NA,1
"4","","cairoecpointernalpol",NA,39
"5","","cherieblair",NA,1
"6","","cheryldmills",NA,1
"7","","cherylmills","1.4(B),1.4(D)",1
"8","","cherylmills","1.4(D)",11
"9","","cherylmills","1.4(D),B1",1
"10","","cherylmills",NA,15
"11","","clapsrocco",NA,5
"12","","clc/sti",NA,1
"13","","cmills@Hcom",NA,1
"14","","cooneythomase",NA,2
"15","","crowleyphilip",NA,1
"16","","deluanacarlosa",NA,1
"17","","dougband",NA,1
"18","","ebelingbetsy",NA,3
"19","","eikenberrykarlw",NA,2
"20","","h",NA,38
"21","","humaabedin",NA,2
"22","","jacobsonrobertas",NA,4
"23","","jacobsullivan",NA,1
"24","","janpie",NA,1
"25","","jilotvlaurenc",NA,1
"26","","jilotylaurenc",NA,1
"27","","kellycraiga",NA,1
"28","","kingrobertr","1.4(B),1.4(D)",1
"29","","mandavillepeter",NA,1
"30","","markhyman",NA,4
"31","","mchalejuditha",NA,1
"32","","mellottjoseph",NA,1
"33","","miischeryld",NA,1
"34","","millscheryl",NA,1
"35","","nicholasblair",NA,1
"36","","oscarflores",NA,1
"37","","pverveeccalysenelson",NA,1
"38","","pverveerccalysenelson",NA,1
"39","","pverveerccalysenelsor",NA,1
"40","","secretary",NA,1
"41","","secretaryssuggestionbox",NA,1
"42","","shahrajiv",NA,1
"43","","stewartpaperin",NA,4
"44","","toivnoraf",NA,2
"45","","tonermarkc",NA,1
"46","","verveermelannes","1.4 (D)",1
"47","","verveermelannes","1.4(B),1.4(D)",1
"48","","verveermelannes","1.4(D)",30
"49","","verveermelannes","1.4(D),B1",1
"50","","verveermelannes",NA,3
"51","abbaszadehnima","cherylmills",NA,2
"52","abbaszadehnima","h",NA,2
"53","abbaszadehnima","hanleymonicar","1.4(D)",1
"54","abbaszadehnima","hanleymonicar",NA,1
"55","abbaszadehnima","jacobsullivan",NA,8
"56","abbaszadehnima","wellsaliceg",NA,11
"57","aclb","fidr@clintonemailcom","1.4(B),1.4(D)",2
"58","aclb","h","1.4(B),1.4(D)",14
"59","aclb","h","1.4(B),1.4(D),B1",1
"60","aclb","h","1.4(D)",7
"61","aclb","h",NA,30
"62","aclb","H","1.4(B),1.4(D)",21
"63","aclb","H","1.4(B),1.4(D),B1",3
"64","aclb","H",NA,1
"65","aclb","haledavidm","1.4(B),1.4(D)",3
"66","aclb","Hl","1.4(B),1.4(D)",2
"67","aclb","iH","1.4(B),1.4(D)",3
"68","aclb","jacobsullivan","1.4(B),1.4(D)",2
"69","annemarieslaughter","annemarieslaughter","1.4(B),1.4(D)",1
"70","annemarieslaughter","annemarieslaughter",NA,29
"71","annemarieslaughter","cherylmills","1.4(B),1.4(D)",1
"72","annemarieslaughter","cherylmills",NA,43
"73","annemarieslaughter","cherylmillshumaabedin",NA,1
"74","annemarieslaughter","h","1.4(B),1.4(D)",1
"75","annemarieslaughter","h","1.4(B),1.4(D),B1",1
"76","annemarieslaughter","h","1.4(D)",2
"77","annemarieslaughter","h",NA,237
"78","annemarieslaughter","H",NA,9
"79","annemarieslaughter","harrisjenniferm",NA,3
"80","annemarieslaughter","hcchumaabedin",NA,1
"81","annemarieslaughter","hiyourexamplei",NA,1
"82","annemarieslaughter","Hs",NA,1
"83","annemarieslaughter","humaabedin",NA,11
"84","annemarieslaughter","hunterrobert",NA,1
"85","annemarieslaughter","hydedana",NA,1
"86","annemarieslaughter","ihdr@clintonernailcom",NA,1
"87","annemarieslaughter","jacobsullivan",NA,10
"88","annemarieslaughter","kellycraiga",NA,1
"89","annemarieslaughter","lakesullivanlewjacob",NA,1
"90","annemarieslaughter","lewjacob",NA,7
"91","annemarieslaughter","millscheid",NA,1
"92","annemarieslaughter","mullstephend",NA,4
"93","annemarieslaughter","steinbergjamesb",NA,1
"94","annemarieslaughter","terrybmurphy",NA,1
"95","annemarieslaughter","verveermelannes",NA,1
"96","balderstonkrism","bagleelizabethf",NA,1
"97","balderstonkrism","cherylmills",NA,9
"98","balderstonkrism","h",NA,54
"99","balderstonkrism","H",NA,4
"100","balderstonkrism","hsubjectmarklandleri",NA,1
"101","balderstonkrism","humaabedin",NA,3
"102","balderstonkrism","jacobsullivan",NA,1
"103","balderstonkrism","jilotylaurenc",NA,4
"104","balderstonkrism","reinesphilippei",NA,4
"105","balderstonkrism","toivnoraf",NA,2
"106","brimmerestherd","burnswilliam",NA,1
"107","brimmerestherd","burnswilliamj",NA,2
"108","brimmerestherd","cherylmills",NA,5
"109","brimmerestherd","h",NA,1
"110","brimmerestherd","humaabedin","1.4(B),1.4(D)",1
"111","brimmerestherd","humaabedin","1.4(D)",1
"112","brimmerestherd","humaabedin",NA,8
"113","brimmerestherd","jacobsullivan",NA,11
"114","brimmerestherd","jacobsullivanmacmanusjosephe",NA,1
"115","brimmerestherd","ostermeieramya",NA,1
"116","brimmerestherd","powersamantha",NA,4
"117","brimmerestherd","schwartzericp",NA,1
"118","burnsstrider","burnsstriderburnsstrider",NA,1
"119","burnsstrider","h",NA,61
"120","burnsstrider","martytorrey",NA,1
"121","burnsstrider","minyonmoore",NA,1
"122","burnswilliam","cherylmills","1.4(B),1.4(D)",6
"123","burnswilliam","cherylmills",NA,8
"124","burnswilliam","gordonphiliph","1.4(B),1.4(D)",1
"125","burnswilliam","gordonphiliph",NA,3
"126","burnswilliam","h",NA,2
"127","burnswilliam","Hi","1.4(B),1.4(D)",1
"128","burnswilliam","humaabedin","1.4(B),1.4(D)",2
"129","burnswilliam","humaabedin","1.4(D)",1
"130","burnswilliam","imichaelamcfaul","1.4(B),1.4(D)",1
"131","burnswilliam","itilichaelamcfaull","1.4(B),1.4(D)",1
"132","burnswilliam","jacobsullivan","1.4 (B)(D)",1
"133","burnswilliam","jacobsullivan","1.4(B),1.4(D)",4
"134","burnswilliam","jacobsullivan",NA,9
"135","burnswilliam","jacobsullivanmacmanusjosephe","1.4(B),1.4(D)",1
"136","burnswilliam","kennedypatrickf",NA,1
"137","burnswilliam","mcfaulmichaela","1.4(B),1.4(D)",3
"138","burnswilliam","millscheryl",NA,1
"139","burnswilliam","nidesthomasr",NA,2
"140","burnswilliam","sspecialassistants","1.4(B),1.4(D)",1
"141","burnswilliam","steinbergjamesb",NA,3
"142","burnswilliam","vermarichardr",NA,2
"143","burnswilliamj","cherylmills","1.4(B),1.4(D)",2
"144","burnswilliamj","cherylmills",NA,9
"145","burnswilliamj","einhornrobertj",NA,1
"146","burnswilliamj","feltmanjeffreyd",NA,1
"147","burnswilliamj","gordonphiliph",NA,2
"148","burnswilliamj","h","1.4(B),1.4(D)",9
"149","burnswilliamj","h","1.4(D)",2
"150","burnswilliamj","h",NA,5
"151","burnswilliamj","H","1.4(B),1.4(D)",3
"152","burnswilliamj","humaabedin","1.4(B),1.4(D)",3
"153","burnswilliamj","humaabedin","1.4(D)",1
"154","burnswilliamj","humaabedin",NA,1
"155","burnswilliamj","jacobsullivan","1.4(B),1.4(D)",5
"156","burnswilliamj","jacobsullivan",NA,11
"157","burnswilliamj","jeffreyjamesf","1.4(B),1.4(D)",2
"158","burnswilliamj","kennedypatrickf",NA,1
"159","burnswilliamj","mcfaulmichaela","1.4(B),1.4(D)",2
"160","burnswilliamj","nidesthomasr",NA,1
"161","burnswilliamj","ricesusane","1.4(B),1.4(D)",2
"162","burnswilliamj","steinbergjamesb",NA,4
"163","burnswilliamj","vermarichardr",NA,1
"164","caitlinklevorick","cherylmills",NA,22
"165","caitlinklevorick","cia",NA,1
"166","caitlinklevorick","huangcindyy",NA,2
"167","caitlinklevorick","klevorickcaitlinb",NA,2
"168","caitlinklevorick","warnholzjeanlouis",NA,1
"169","campbellkurtm","cherylmills",NA,3
"170","campbellkurtm","daileyjohn",NA,2
"171","campbellkurtm","daileyjohnh",NA,1
"172","campbellkurtm","daileyjohnliebermanevelyn",NA,1
"173","campbellkurtm","h","1.4(B),1.4(D)",3
"174","campbellkurtm","h","1.4(D)",3
"175","campbellkurtm","h",NA,35
"176","campbellkurtm","H",NA,6
"177","campbellkurtm","iH",NA,1
"178","campbellkurtm","jacobsullivan","1.4(B),1.4(D)",1
"179","campbellkurtm","jacobsullivan",NA,14
"180","campbellkurtm","liebermane",NA,1
"181","campbellkurtm","liebermanevelyn",NA,1
"182","campbellkurtm","millscherylid","1.4(D)",1
"183","campbellkurtm","mitchellderek",NA,1
"184","campbellkurtm","murphyerinl",NA,1
"185","campbellkurtm","russeldanielr",NA,1
"186","campbellkurtm","subjectreindonesia","1.4(B),1.4(D)",1
"187","campbellkurtm","valmorolona",NA,2
"188","campbellkurtm","verveermelannes",NA,1
"189","carsonjohnnie","cherylmills","1.4(B),1.4(D)",1
"190","carsonjohnnie","cherylmills","1.4(D)",1
"191","carsonjohnnie","cherylmills","1.4(D),B1",1
"192","carsonjohnnie","cherylmills",NA,19
"193","carsonjohnnie","h",NA,6
"194","carsonjohnnie","H",NA,3
"195","carsonjohnnie","hdr@clintomallcomi",NA,1
"196","carsonjohnnie","humaabedin",NA,5
"197","carsonjohnnie","jacobsullivan","1.4(B),1.4(D)",1
"198","carsonjohnnie","jacobsullivan",NA,19
"199","carsonjohnnie","mullstephend",NA,10
"200","carsonjohnnie","teitelbaumdonald",NA,4
"201","carsonjohnnie","valmorolona",NA,3
"202","carsonjohnnie","verveermelannes",NA,1
"203","cherieblair","clintonbill",NA,5
"204","cherieblair","h",NA,49
"205","cherieblair","H",NA,5
"206","cherylmills","}",NA,1
"207","cherylmills","adamsdavids",NA,4
"208","cherylmills","adamsthomasc","1.4(B),1.4(D)",4
"209","cherylmills","afaucgoosbyeric",NA,1
"210","cherylmills","albond",NA,1
"211","cherylmills","ambefbagleybalderstonkrism",NA,1
"212","cherylmills","andersonbrooked",NA,1
"213","cherylmills","andrewsamet",NA,2
"214","cherylmills","annemarieslaughter",NA,12
"215","cherylmills","annmoleary",NA,1
"216","cherylmills","baerdanielb",NA,4
"217","cherylmills","balderstonkrism",NA,4
"218","cherylmills","barnettrobert",NA,2
"219","cherylmills","bealecourtneyakramer",NA,2
"220","cherylmills","begalapaul",NA,1
"221","cherylmills","benjamindaniel",NA,1
"222","cherylmills","benjamindaniels",NA,2
"223","cherylmills","bergersamuelr",NA,1
"224","cherylmills","blakerobert","1.4(D)",1
"225","cherylmills","blakerobert",NA,1
"226","cherylmills","bondmichelet",NA,1
"227","cherylmills","boucherricharda",NA,1
"228","cherylmills","brennanjohn",NA,2
"229","cherylmills","brimmerestherd",NA,3
"230","cherylmills","brownjustinp",NA,1
"231","cherylmills","buhlcindy",NA,1
"232","cherylmills","burnswilliam","1.4(B),1.4(D)",1
"233","cherylmills","burnswilliam","1.4(D)",1
"234","cherylmills","burnswilliam",NA,7
"235","cherylmills","burnswilliami","1.4(B),1.4(D)",1
"236","cherylmills","burnswilliamj","1.4(B),1.4(D)",5
"237","cherylmills","burnswilliamj",NA,5
"238","cherylmills","campbellkurtm",NA,3
"239","cherylmills","capriciapenavicmarshall",NA,1
"240","cherylmills","carlosdeltoro",NA,3
"241","cherylmills","carpentermargaretvw",NA,1
"242","cherylmills","carsonjohnnie",NA,27
"243","cherylmills","cdeltor",NA,1
"244","cherylmills","cdeltoro",NA,2
"245","cherylmills","cherylmills","1.4(B),1.4(D)",1
"246","cherylmills","cherylmills",NA,43
"247","cherylmills","cia",NA,1
"248","cherylmills","cicettipamelas",NA,2
"249","cherylmills","class","1.4(D)",2
"250","cherylmills","cmarshal",NA,1
"251","cherylmills","cooperdonna",NA,10
"252","cherylmills","cousinertharin",NA,1
"253","cherylmills","craftwilliame",NA,1
"254","cherylmills","crowleyphilip",NA,2
"255","cherylmills","crowleyphilipj",NA,11
"256","cherylmills","cuelourdesc",NA,1
"257","cherylmills","curtismeghanna",NA,4
"258","cherylmills","damianmerlo",NA,1
"259","cherylmills","dan",NA,1
"260","cherylmills","dar",NA,1
"261","cherylmills","daviesglynt",NA,1
"262","cherylmills","denisrmcdonoug",NA,1
"263","cherylmills","denisrmcdonough",NA,3
"264","cherylmills","diminucostevenl",NA,1
"265","cherylmills","donilonthomase",NA,2
"266","cherylmills","dougband",NA,5
"267","cherylmills","dowdkatiew",NA,4
"268","cherylmills","drmarkhyman",NA,1
"269","cherylmills","dvohasteveradelet",NA,1
"270","cherylmills","dyoha",NA,2
"271","cherylmills","dyohasteveradelet",NA,1
"272","cherylmills","edwardschristopher",NA,1
"273","cherylmills","einhornrobertj",NA,1
"274","cherylmills","eizenstatstuart",NA,5
"275","cherylmills","ellentauscher",NA,2
"276","cherylmills","eotauschecctoivnf@",NA,2
"277","cherylmills","eotauscher",NA,2
"278","cherylmills","eotauschercctoivnf@",NA,1
"279","cherylmills","feltmanjeffreyd",NA,3
"280","cherylmills","frieddaniel",NA,2
"281","cherylmills","fromanmichaelb",NA,3
"282","cherylmills","gipsdonaldh","1.4(B),1.4(D)",3
"283","cherylmills","gipsdonaldh",NA,2
"284","cherylmills","goosbyeric","1.4(D)",3
"285","cherylmills","goosbyeric",NA,14
"286","cherylmills","gordonphiliph",NA,1
"287","cherylmills","granthamsuzannel",NA,1
"288","cherylmills","grossmanmarci",NA,1
"289","cherylmills","h","1.4(B),1.4(D)",28
"290","cherylmills","h","1.4(D)",30
"291","cherylmills","h","1.4(D),1.4(H),B1",1
"292","cherylmills","h","1.4(D),B1",1
"293","cherylmills","h",NA,1409
"294","cherylmills","H","1.4(B),1.4(D)",2
"295","cherylmills","H",NA,17
"296","cherylmills","hammermichaela",NA,11
"297","cherylmills","haroldhongjukohthessinjamesh",NA,1
"298","cherylmills","harrellpetere",NA,2
"299","cherylmills","hartoglevinfay",NA,2
"300","cherylmills","havailable",NA,1
"301","cherylmills","hdr",NA,1
"302","cherylmills","hi",NA,2
"303","cherylmills","Hi",NA,1
"304","cherylmills","hillchristopherr",NA,1
"305","cherylmills","hjacobsullivan",NA,1
"306","cherylmills","holbrookerichardc",NA,1
"307","cherylmills","hormatsrobertd",NA,1
"308","cherylmills","hsubjectfwambeikenberryfyi",NA,1
"309","cherylmills","hsubjectfwflotusvisit",NA,1
"310","cherylmills","hsubjectfwfyi",NA,1
"311","cherylmills","hsubjectfwfyioriginalmessage",NA,1
"312","cherylmills","hsubjectfwnewbatch?",NA,1
"313","cherylmills","hsubjectfwsuccessfyi",NA,1
"314","cherylmills","hsubjectfwthisisgood",NA,1
"315","cherylmills","hsubjectfwwhmeetingfyi",NA,1
"316","cherylmills","hsubjectsorry",NA,1
"317","cherylmills","humaabedin",NA,56
"318","cherylmills","humaabedinhydedana",NA,1
"319","cherylmills","hydedana",NA,12
"320","cherylmills","i",NA,1
"321","cherylmills","ihdr@dintonemailcomi",NA,1
"322","cherylmills","iHi",NA,2
"323","cherylmills","il",NA,1
"324","cherylmills","ileana",NA,1
"325","cherylmills","jacobhumaabedin",NA,1
"326","cherylmills","jacoblew",NA,6
"327","cherylmills","jacobllewh",NA,1
"328","cherylmills","jacobsjanicel",NA,3
"329","cherylmills","jacobsonrobertas",NA,1
"330","cherylmills","jacobsullivan","1.4(B),1.4(D)",1
"331","cherylmills","jacobsullivan",NA,60
"332","cherylmills","jeongdawoon",NA,1
"333","cherylmills","jilotylaurenc",NA,5
"334","cherylmills","jimkennedy",NA,3
"335","cherylmills","johnbeckmar",NA,1
"336","cherylmills","johnpodesta",NA,6
"337","cherylmills","johnsonbrocka",NA,2
"338","cherylmills","joneskalic","1.4(D)",2
"339","cherylmills","jonespaulw",NA,1
"340","cherylmills","jrkardoncherylmills",NA,1
"341","cherylmills","justincooper",NA,2
"342","cherylmills","karentramontano",NA,1
"343","cherylmills","kazemishamim","1.4(B),1.4(D)",10
"344","cherylmills","kazemishamim","1.4(D)",2
"345","cherylmills","kellycraiga","1.4(A),1.4(D)",1
"346","cherylmills","kellycraiga",NA,1
"347","cherylmills","kendalldavid",NA,7
"348","cherylmills","kennedypatrickf",NA,25
"349","cherylmills","kenneykristiea",NA,1
"350","cherylmills","klevorickcaitlinb",NA,2
"351","cherylmills","kohharoldhongju","1.4(B),1.4(D)",1
"352","cherylmills","kohharoldhongju",NA,4
"353","cherylmills","kristofnicholas",NA,1
"354","cherylmills","laszczychjoanne","1.4(B),1.4(D)",3
"355","cherylmills","laszczychjoanne",NA,4
"356","cherylmills","lbatwood",NA,1
"357","cherylmills","lewjacob",NA,6
"358","cherylmills","lgrahamdougband",NA,1
"359","cherylmills","lindwalldavide","1.4(B),1.4(D)",4
"360","cherylmills","lindwalldavide",NA,8
"361","cherylmills","liz",NA,2
"362","cherylmills","liz@schraye",NA,1
"363","cherylmills","llacobjlew",NA,1
"364","cherylmills","loisquam",NA,1
"365","cherylmills","louispierrea","1.4(B),1.4(D)",26
"366","cherylmills","louispierrea","1.4(D)",6
"367","cherylmills","lucaslaurad",NA,4
"368","cherylmills","luchristopherp",NA,1
"369","cherylmills","luriemiked",NA,2
"370","cherylmills","lynr",NA,1
"371","cherylmills","lyonsjamesm",NA,2
"372","cherylmills","macmanusjosephe",NA,1
"373","cherylmills","marcielscota",NA,1
"374","cherylmills","marshallcapriciap",NA,1
"375","cherylmills","martyedelman",NA,1
"376","cherylmills","matthewchaloux",NA,1
"377","cherylmills","matthewgolsen",NA,1
"378","cherylmills","mcdonoughdenisr",NA,47
"379","cherylmills","mcglothlinkevin",NA,1
"380","cherylmills","mchalejuditha",NA,1
"381","cherylmills","mertenkennethh","1.4(B),1.4(D),B1",1
"382","cherylmills","mertenkennethh",NA,4
"383","cherylmills","michaelbfroman",NA,1
"384","cherylmills","mikeberman",NA,2
"385","cherylmills","mooredonaldl",NA,1
"386","cherylmills","mschneide",NA,1
"387","cherylmills","mschneider",NA,1
"388","cherylmills","mullstephend",NA,8
"389","cherylmills","muscatinelissa",NA,5
"390","cherylmills","nancybekavac",NA,1
"391","cherylmills","nidesthomasr",NA,1
"392","cherylmills","nobleronald",NA,1
"393","cherylmills","obriendaniel",NA,2
"394","cherylmills","oneillmaura",NA,1
"395","cherylmills","oscarflores",NA,3
"396","cherylmills","osullivannigel",NA,2
"397","cherylmills","oteromaria",NA,1
"398","cherylmills","oteromildred",NA,1
"399","cherylmills","pallymauram",NA,2
"400","cherylmills","pascualcarlos",NA,2
"401","cherylmills","patelshraddha",NA,1
"402","cherylmills","pcharron",NA,4
"403","cherylmills","penal@",NA,1
"404","cherylmills","penalaura",NA,1
"405","cherylmills","posnermichaelh",NA,6
"406","cherylmills","randolphlawrencem",NA,1
"407","cherylmills","reinesphilippei","1.4(D)",1
"408","cherylmills","reinesphilippei",NA,10
"409","cherylmills","reynosojulissa","1.4(B),1.4(D)",3
"410","cherylmills","reynosojulissa",NA,6
"411","cherylmills","ricesusane",NA,2
"412","cherylmills","riesertim",NA,14
"413","cherylmills","rodriguezmiguele",NA,3
"414","cherylmills","rooneymegan",NA,3
"415","cherylmills","rossalec",NA,8
"416","cherylmills","rossalec]",NA,1
"417","cherylmills","royspence",NA,1
"418","cherylmills","rubensgamalantoniosimoes",NA,1
"419","cherylmills","ruckmankathleens",NA,8
"420","cherylmills","ryurexony",NA,3
"421","cherylmills","samuelsonheatherf",NA,6
"422","cherylmills","schwartzericp",NA,1
"423","cherylmills","scobeymargaret",NA,3
"424","cherylmills","sellerscharlesr",NA,1
"425","cherylmills","ses",NA,4
"426","cherylmills","shahrajiv",NA,4
"427","cherylmills","shalaladonnae",NA,1
"428","cherylmills","shannonthomasa",NA,6
"429","cherylmills","shermanwendyr",NA,1
"430","cherylmills","shervinpishevar",NA,1
"431","cherylmills","slaughtr",NA,2
"432","cherylmills","smithdanielb",NA,7
"433","cherylmills","smithgaylee",NA,2
"434","cherylmills","solomontaland",NA,1
"435","cherylmills","sspecialassistants",NA,1
"436","cherylmills","stalbott",NA,1
"437","cherylmills","steinbergjamesb",NA,5
"438","cherylmills","stephensonbarbara",NA,1
"439","cherylmills","stockann",NA,2
"440","cherylmills","stremlaumatthewh",NA,3
"441","cherylmills","strobetalbott",NA,5
"442","cherylmills","subjectfw",NA,2
"443","cherylmills","subjectfw/seniorstaffmeeting",NA,2
"444","cherylmills","subjectfw/staffmeetingnotes",NA,1
"445","cherylmills","subjectfwamcitsinhaitifyi",NA,1
"446","cherylmills","subjectfwannfyi",NA,1
"447","cherylmills","subjectfwanotherthankyou",NA,1
"448","cherylmills","subjectfwantigaylawsfyi",NA,1
"449","cherylmills","subjectfwconfidential",NA,1
"450","cherylmills","subjectfwd",NA,1
"451","cherylmills","subjectfwdanielyohannesfyi",NA,1
"452","cherylmills","subjectfwforhrcfyi",NA,1
"453","cherylmills","subjectfwfyi",NA,2
"454","cherylmills","subjectfwfyioriginalmessage",NA,1
"455","cherylmills","subjectfwgoogleandyoutube",NA,1
"456","cherylmills","subjectfwgrameeninhaitifyi",NA,1
"457","cherylmills","subjectfwgreatjobnice",NA,1
"458","cherylmills","subjectfwgreeceetc",NA,1
"459","cherylmills","subjectfwidb/haitidebt",NA,1
"460","cherylmills","subjectfwigreport",NA,1
"461","cherylmills","subjectfwiraqfyi",NA,1
"462","cherylmills","subjectfwiraqtimingfyi",NA,1
"463","cherylmills","subjectfwiroquoisupdate",NA,1
"464","cherylmills","subjectfwmorningmeetingnotes",NA,1
"465","cherylmills","subjectfwresponsetoscall",NA,1
"466","cherylmills","subjectfwsomaliafyi",NA,1
"467","cherylmills","subjectfwsorry!fyi",NA,1
"468","cherylmills","subjectfwsummaryof/meeting",NA,1
"469","cherylmills","subjectfwthanksfyi",NA,1
"470","cherylmills","subjectfwthegatesclintonaxis",NA,1
"471","cherylmills","subjectfwtripolipersonnel",NA,1
"472","cherylmills","subjectfwunhaitioperationfyi",NA,1
"473","cherylmills","subjectfyiwjcoriginalmessage",NA,1
"474","cherylmills","subjecticymifyi",NA,1
"475","cherylmills","subjectrnnitaloweyandajcfyi",NA,1
"476","cherylmills","taskforce",NA,2
"477","cherylmills","tauscherellen",NA,8
"478","cherylmills","thessinjamesh",NA,4
"479","cherylmills","thomasfmclarty","1.4(B),1.4(D)",2
"480","cherylmills","thomasfmclarty",NA,7
"481","cherylmills","toivnoraf",NA,5
"482","cherylmills","tonermarkc",NA,1
"483","cherylmills","turkdavidm",NA,1
"484","cherylmills","valenzuelaarturoa","1.4(B),1.4(D)",1
"485","cherylmills","valenzuelaarturoa",NA,1
"486","cherylmills","valmorolona",NA,18
"487","cherylmills","vermarichardr",NA,11
"488","cherylmills","verveermelannes",NA,6
"489","cherylmills","villarrealjose",NA,2
"490","cherylmills","warnholzjeanlouis","1.4(D)",1
"491","cherylmills","warnholzjeanlouis",NA,1
"492","cherylmills","wayneeanthony",NA,1
"493","cherylmills","wellsaliceg",NA,2
"494","cherylmills","whitepamelaa",NA,1
"495","cherylmills","williamsbarre",NA,1
"496","cherylmills","williamsbarreminyonmoore",NA,1
"497","cherylmills","williamsbarremmookikimclean",NA,1
"498","cherylmills","williamsbarret",NA,1
"499","colemanclairel","cherylmills",NA,2
"500","colemanclairel","h",NA,47
"501","colemanclairel","humaabedin",NA,2
"502","colemanclairel","jacobsullivan",NA,4
"503","colemanclairel","miyahiratoddk",NA,1
"504","colemanclairel","s",NA,1
"505","colemanclairel","sesoscalls",NA,6
"506","crowleyphilip","cherylmills",NA,11
"507","crowleyphilip","duguidgordonk",NA,1
"508","crowleyphilip","h",NA,6
"509","crowleyphilip","holbrookerichard",NA,1
"510","crowleyphilip","humaabedin",NA,2
"511","crowleyphilip","muscatinelissa",NA,2
"512","crowleyphilip","seidenmayad",NA,1
"513","crowleyphilip","smithdanas",NA,1
"514","crowleyphilip","vermarichardr",NA,1
"515","crowleyphilipj","cherylmills",NA,12
"516","crowleyphilipj","h",NA,31
"517","crowleyphilipj","H",NA,1
"518","crowleyphilipj","hammermichaela",NA,1
"519","crowleyphilipj","He",NA,1
"520","crowleyphilipj","Hi",NA,1
"521","crowleyphilipj","jacobsullivan",NA,2
"522","crowleyphilipj","kennedypatrickf",NA,4
"523","crowleyphilipj","kohharoldhongju",NA,1
"524","crowleyphilipj","mcdonoughdenisr",NA,4
"525","crowleyphilipj","muscatinelissa",NA,3
"526","crowleyphilipj","posnermichaelh",NA,1
"527","crowleyphilipj","rhodesbenjaminj",NA,2
"528","crowleyphilipj","roemertimj",NA,1
"529","crowleyphilipj","schwartzericp",NA,1
"530","crowleyphilipj","steinbergjamesb",NA,1
"531","crowleyphilipj","thessinjamesh",NA,1
"532","crowleyphilipj","vermarichardr",NA,2
"533","curtismeghanna","ashnazanin",NA,1
"534","curtismeghanna","brigetyreuben",NA,1
"535","curtismeghanna","cherylmills",NA,27
"536","curtismeghanna","drewelizabethi",NA,1
"537","curtismeghanna","jeanlouiswarnholz",NA,3
"538","curtismeghanna","klevorickcaitlinb",NA,1
"539","curtismeghanna","radeletstevenc",NA,2
"540","curtismeghanna","toivnoraf",NA,2
"541","curtismeghanna","valmorolona",NA,1
"542","damourmariec","bondmichelet",NA,31
"543","damourmariec","pachecomarthaa",NA,5
"544","donilonthomase","h",NA,20
"545","donilonthomase","jacobsullivan",NA,6
"546","ebelingbetsy","bonnieklehrjohnryan",NA,1
"547","ebelingbetsy","deedelaney",NA,1
"548","ebelingbetsy","ebelingbetsy",NA,1
"549","ebelingbetsy","h",NA,43
"550","ebelingbetsy","hsubjectreoriginalmessage",NA,1
"551","ebelingbetsy","humaabedin",NA,5
"552","ebelingbetsy","mayordaley",NA,1
"553","ebelingbetsy","mikemarybennettoral",NA,1
"554","evergreen","humaabedin",NA,3
"555","evergreen","jacobsullivan",NA,7
"556","evergreen","jcarson",NA,1
"557","evergreen","lonavalmoro",NA,6
"558","evergreen","pi",NA,4
"559","evergreen","pir",NA,91
"560","evergreen","pj",NA,1
"561","feldmandanielf","bommerashleyf",NA,1
"562","feldmandanielf","feldmandanielf",NA,2
"563","feldmandanielf","grossmanmarci","1.4(B),1.4(D)",2
"564","feldmandanielf","grossmanmarci","B1,1.4(B)(D)",1
"565","feldmandanielf","grossmanmarci",NA,2
"566","feldmandanielf","holbrooker@",NA,1
"567","feldmandanielf","humaabedin","1.4(D)",1
"568","feldmandanielf","humaabedin",NA,4
"569","feldmandanielf","jacobsullivan","",1
"570","feldmandanielf","jacobsullivan","1.4(B),1.4(D)",10
"571","feldmandanielf","jacobsullivan","1.4(D)",1
"572","feldmandanielf","jacobsullivan",NA,8
"573","feldmandanielf","jacobsullivanhumaabedin",NA,1
"574","feldmandanielf","lewjacob",NA,4
"575","feldmandanielf","muntercameronp","1.4(B),1.4(D)",8
"576","feldmandanielf","nasrsvalir",NA,2
"577","feldmandanielf","nidesthomasr",NA,1
"578","feldmandanielf","paulirosemarie",NA,1
"579","feldmandanielf","powersamantha%paulirosemarie",NA,1
"580","feldmandanielf","ricciardonefrancis]","1.4(B),1.4(D)",1
"581","feldmandanielf","samanthajpowe",NA,1
"582","feldmandanielf","turkdavidm",NA,1
"583","feltmanjeffreyd","burnswilliam","1.4(B),1.4(D)",1
"584","feltmanjeffreyd","cherylmills",NA,3
"585","feltmanjeffreyd","connellymaura","1.4(B),1.4(D)",1
"586","feltmanjeffreyd","cretzgenea",NA,3
"587","feltmanjeffreyd","dibbleelizabethl","1.4(B),1.4(D)",1
"588","feltmanjeffreyd","dibblephilol",NA,1
"589","feltmanjeffreyd","fogartydaniel",NA,1
"590","feltmanjeffreyd","gordonphiliph","1.4 (B)(D)",1
"591","feltmanjeffreyd","gordonphiliph","1.4(B),1.4(D)",1
"592","feltmanjeffreyd","gordonphiliph",NA,5
"593","feltmanjeffreyd","h","1.4 (B)",1
"594","feltmanjeffreyd","h","1.4(B),1.4(D)",9
"595","feltmanjeffreyd","h","1.4(D)",8
"596","feltmanjeffreyd","h",NA,13
"597","feltmanjeffreyd","haledavidm","1.4(B),1.4(D)",1
"598","feltmanjeffreyd","humaabedin","1.4(B),1.4(D)",1
"599","feltmanjeffreyd","humaabedin","1.4(B),1.4(D),B1",1
"600","feltmanjeffreyd","humaabedin","1.4(D)",2
"601","feltmanjeffreyd","humaabedin","B1,1.4(B)(D)",1
"602","feltmanjeffreyd","humaabedin",NA,9
"603","feltmanjeffreyd","jacobsullivan","1.4 (B)(D)",1
"604","feltmanjeffreyd","jacobsullivan","1.4(B),1.4(D)",5
"605","feltmanjeffreyd","jacobsullivan","1.4(D)",6
"606","feltmanjeffreyd","jacobsullivan",NA,49
"607","feltmanjeffreyd","jacobsullivanh",NA,1
"608","feltmanjeffreyd","jacobsullivanhumaabedin",NA,1
"609","feltmanjeffreyd","jacobsullivar",NA,1
"610","feltmanjeffreyd","kohharoldhongju",NA,7
"611","feltmanjeffreyd","lebaronjosephe","1.4(B),1.4(D)",1
"612","feltmanjeffreyd","lohmanlee",NA,1
"613","feltmanjeffreyd","macmanusjosephe",NA,5
"614","feltmanjeffreyd","nulandvictoriaj","1.4(B),1.4(D)",1
"615","feltmanjeffreyd","pattersonannew",NA,1
"616","feltmanjeffreyd","rodriguezmiguele",NA,1
"617","feltmanjeffreyd","sandersonjaneta","1.4(B),1.4(D)",4
"618","feltmanjeffreyd","scobeymargaret","1.4(B),1.4(D)",1
"619","feltmanjeffreyd","scobeymargaret",NA,1
"620","feltmanjeffreyd","shampainenicoled","1.4(B),1.4(D)",1
"621","feltmanjeffreyd","smithjamesb",NA,1
"622","feltmanjeffreyd","sspecialassistants",NA,1
"623","feltmanjeffreyd","vajdathomasl","1.4(D)",1
"624","feltmanjeffreyd","valmorolona",NA,4
"625","feltmanjeffreyd","wailesjacob",NA,1
"626","feltmanjeffreyd","wallerrobertp","1.4(B),1.4(D)",1
"627","feltmanjeffreyd","wallesjacob",NA,1
"628","fuchsmichaelh","h","1.4(B),1.4(D)",1
"629","fuchsmichaelh","h",NA,11
"630","fuchsmichaelh","humaabedin",NA,3
"631","fuchsmichaelh","jacobsullivan",NA,1
"632","goosbyeric","cherylmills","1.4(B),1.4(D)",1
"633","goosbyeric","cherylmills","1.4(D)",6
"634","goosbyeric","cherylmills",NA,28
"635","goosbyeric","monahankatherinee",NA,1
"636","gordonphiliph","barksruggleserica","1.4(B),1.4(D)",1
"637","gordonphiliph","burnswilliam","1.4 (B)(D)",1
"638","gordonphiliph","burnswilliam","1.4(B),1.4(D)",1
"639","gordonphiliph","burnswilliam",NA,3
"640","gordonphiliph","burnswilliamj","1.4 (B)(D)",1
"641","gordonphiliph","burnswilliamj","1.4(B),1.4(D)",2
"642","gordonphiliph","burnswilliamj","1.4(B)(D)",1
"643","gordonphiliph","burnswilliamj",NA,10
"644","gordonphiliph","cherylmills",NA,3
"645","gordonphiliph","countrymanthomas",NA,1
"646","gordonphiliph","feltmanjeffreyd",NA,5
"647","gordonphiliph","fettmanjeffrey",NA,1
"648","gordonphiliph","h","1.4(B),1.4(D)",6
"649","gordonphiliph","h","1.4(D)",1
"650","gordonphiliph","h",NA,10
"651","gordonphiliph","H",NA,1
"652","gordonphiliph","humaabedin",NA,82
"653","gordonphiliph","jacobsullivan","1.4(B),1.4(D)",8
"654","gordonphiliph","jacobsullivan","1.4(D)",7
"655","gordonphiliph","jacobsullivan","1.4(D),B1",1
"656","gordonphiliph","jacobsullivan",NA,8
"657","gordonphiliph","kaidanowtina","1.4(B),1.4(D)",1
"658","gordonphiliph","kaidanowtinas",NA,1
"659","gordonphiliph","ricesusane","1.4(B),1.4(D)",2
"660","gordonphiliph","ricesusane","1.4(D)",3
"661","gordonphiliph","shermanwendyr","1.4(B),1.4(D)",5
"662","gordonphiliph","solomontaland","1.4(B),1.4(D)",1
"663","gordonphiliph","steinbergjamesb","1.4(B),1.4(D)",2
"664","gordonphiliph","steinbergjamesb",NA,12
"665","gordonphiliph","toivnoraf",NA,1
"666","gordonphiliph","valenzuelaarturoa",NA,24
"667","gordonphiliph","vermarichardr",NA,4
"668","h","!",NA,1
"669","h","&apos",NA,6
"670","h","`russorv@",NA,1
"671","h","■tyson",NA,1
"672","h","abbaszadehn@",NA,1
"673","h","abbaszadehnima",NA,1
"674","h","abedinh©",NA,4
"675","h","abedinh©subjectrei",NA,1
"676","h","abedinhstateov",NA,1
"677","h","achy",NA,1
"678","h","acib",NA,1
"679","h","aclb","1.4(B),1.4(D)",15
"680","h","aclb","1.4(B),1.4(D),B1",1
"681","h","aclb","1.4(D)",3
"682","h","aclb",NA,16
"683","h","aclbjacobsullivan",NA,1
"684","h","adamsdavids",NA,3
"685","h","adamsds@",NA,2
"686","h","adlercarolinee",NA,1
"687","h","adlerce@",NA,1
"688","h","annemarieslaughter","1.4(B),1.4(D)",1
"689","h","annemarieslaughter",NA,53
"690","h","axelrod",NA,1
"691","h","axelroddavidm",NA,1
"692","h","balderstonkm@",NA,20
"693","h","balderstonkrism",NA,50
"694","h","bam@mikulskisenategov",NA,5
"695","h","barn",NA,1
"696","h","bealeca@",NA,3
"697","h","bealecourtneyakramer",NA,2
"698","h","betsyebelind",NA,1
"699","h","betsyebeling",NA,17
"700","h","billburns",NA,4
"701","h","blaker@",NA,1
"702","h","blakerobert",NA,1
"703","h","bowens",NA,1
"704","h","briar",NA,1
"705","h","brimmere@",NA,2
"706","h","brimmerestherd",NA,2
"707","h","brookegarberneidich",NA,4
"708","h","bstrider",NA,3
"709","h","bstriderhumaabedin",NA,1
"710","h","bstridermmoore",NA,1
"711","h","burnswilliam","1.4(B),1.4(D)",5
"712","h","burnswilliam",NA,2
"713","h","burnswilliam—","1.4(B),1.4(D)",1
"714","h","burnswilliamj","1.4(B),1.4(D)",4
"715","h","burnswilliamj",NA,8
"716","h","burnswilliamjfeltmanjeffrey",NA,1
"717","h","burnswj@","1.4(B),1.4(D)",3
"718","h","burnswj@",NA,9
"719","h","burnswj@i","1.4(B),1.4(D)",1
"720","h","burnswj@i",NA,1
"721","h","burnswj@stateov",NA,1
"722","h","buttoncase",NA,1
"723","h","campbelikm©",NA,2
"724","h","campbellkm@",NA,1
"725","h","campbellkurtm","1.4(B),1.4(D)",8
"726","h","campbellkurtm",NA,45
"727","h","campbellkurtm—","1.4(B),1.4(D)",1
"728","h","campbellkurtmi",NA,1
"729","h","canciamarshall@",NA,1
"730","h","capriciamarshal",NA,2
"731","h","capriciamarshall",NA,9
"732","h","capriciamarshallhumaabedin",NA,1
"733","h","caputo",NA,2
"734","h","caputolisa",NA,2
"735","h","carsonj@","1.4(B),1.4(D)",1
"736","h","carsonj@",NA,5
"737","h","carsonjohnnie","1.4(B),1.4(D),B1",1
"738","h","carsonjohnnie",NA,13
"739","h","cb",NA,7
"740","h","ccnewmyer",NA,1
"741","h","ccnewmyer@",NA,1
"742","h","cherieblair",NA,25
"743","h","cheryimillscherylmills",NA,1
"744","h","cherylmiils@cherylmills",NA,1
"745","h","cherylmilisimillscdpi",NA,1
"746","h","cherylmill",NA,4
"747","h","cherylmillcherylmills",NA,1
"748","h","cherylmillfirr—",NA,1
"749","h","cherylmilljacobsullivan",NA,2
"750","h","cherylmillrshahhumaabedin",NA,1
"751","h","cherylmills","1.4(B),1.4(D)",27
"752","h","cherylmills","1.4(D)",20
"753","h","cherylmills","1.4(D),B1",1
"754","h","cherylmills",NA,1033
"755","h","cherylmills@",NA,3
"756","h","cherylmills@cherylmills",NA,1
"757","h","cherylmills@posnermh@",NA,1
"758","h","cherylmills`",NA,1
"759","h","cherylmillscherylmills",NA,29
"760","h","cherylmillscorn",NA,1
"761","h","cherylmillse",NA,1
"762","h","cherylmillshumaabedin",NA,5
"763","h","cherylmillsjacobsullivan",NA,9
"764","h","cherylmillsmillscheryl",NA,1
"765","h","cherylmillsposnermichaelh",NA,2
"766","h","cherylmillsr",NA,1
"767","h","cherylmillsrshah",NA,1
"768","h","cherylmillsshahrajiv",NA,1
"769","h","cherylmillsstateaov",NA,1
"770","h","cherylmillsstatedov",NA,1
"771","h","cherylmillsstategoli",NA,1
"772","h","cherylmillsstategolt",NA,1
"773","h","cherylmillsstateov",NA,6
"774","h","cherylmillsstatev",NA,1
"775","h","cherylmillssubjectlibyai",NA,1
"776","h","cherylmillssubjectre","1.4(D)",1
"777","h","cherylmillssubjectwikileaks",NA,1
"778","h","cherylmillstategov",NA,1
"779","h","cherylmillsvermarichardr",NA,2
"780","h","cherylmillsvermarr@",NA,1
"781","h","chetylmillsjacobsullivan",NA,1
"782","h","cholletderekh",NA,1
"783","h","cholletdh@",NA,1
"784","h","chrisjennings",NA,1
"785","h","coiemancl@",NA,1
"786","h","colemancl@",NA,3
"787","h","colemanclairel",NA,31
"788","h","crowley@stateov",NA,1
"789","h","crowleyp",NA,1
"790","h","crowleyphilip",NA,2
"791","h","crowleyphilipj",NA,19
"792","h","crowleyphilipjreines",NA,1
"793","h","crowleyphilipnreinpl",NA,1
"794","h","crowleypj@",NA,12
"795","h","crowleypj@stateov",NA,1
"796","h","danielbaer",NA,3
"797","h","danielii@",NA,1
"798","h","danieljj@",NA,4
"799","h","danieljoshua",NA,1
"800","h","danieljoshuaj",NA,9
"801","h","danielll@",NA,1
"802","h","davidmilibandpersona",NA,1
"803","h","davis",NA,1
"804","h","dennisbross","1.4(B),1.4(D)",1
"805","h","dennisbross",NA,4
"806","h","dennisross",NA,1
"807","h","dgunners",NA,1
"808","h","dianereynolds",NA,1
"809","h","donilonthomase",NA,16
"810","h","doug",NA,11
"811","h","dougband",NA,1
"812","h","dougbandjustincooper",NA,1
"813","h","dougbandsbwhoeop",NA,1
"814","h","dphelf",NA,1
"815","h","duffyterry",NA,3
"816","h","ebelingbetsy",NA,23
"817","h","echerylmills",NA,2
"818","h","ehanleymr@",NA,1
"819","h","ehumaabedin",NA,1
"820","h","ejacobsullivan",NA,2
"821","h","ejacobsullivane",NA,1
"822","h","ejacobsullivani",NA,1
"823","h","elvalmoro",NA,1
"824","h","emonicahanley",NA,1
"825","h","eslaughtr",NA,1
"826","h","fcherieblair",NA,1
"827","h","feltmanjd@","1.4(B),1.4(D)",3
"828","h","feltmanjd@","1.4(D)",2
"829","h","feltmanjd@",NA,11
"830","h","feltmanjeffrey","1.4(D)",1
"831","h","feltmanjeffrey",NA,1
"832","h","feltmanjeffreyd","1.4(B),1.4(D)",6
"833","h","feltmanjeffreyd","1.4(D)",10
"834","h","feltmanjeffreyd",NA,20
"835","h","filotylc@","1.4(D)",1
"836","h","filotylc@",NA,14
"837","h","filotylc@e",NA,1
"838","h","filotylc@i",NA,1
"839","h","flournoymicheleahonosdpolicy",NA,2
"840","h","fuchsmh@","1.4(B),1.4(D)",1
"841","h","fuchsmh@",NA,9
"842","h","fuchsmh©",NA,1
"843","h","fuchsmichaelh","1.4(D)",1
"844","h","fuchsmichaelh",NA,4
"845","h","general",NA,1
"846","h","george","1.4(B),1.4(D)",1
"847","h","george",NA,3
"848","h","glantzgina",NA,1
"849","h","gordonph@","1.4(B),1.4(D)",6
"850","h","gordonph@",NA,5
"851","h","gordonphiliph","1.4(B),1.4(D)",5
"852","h","gordonphiliph",NA,11
"853","h","h",NA,13
"854","h","habedin",NA,1
"855","h","habedinvalmorou@",NA,2
"856","h","haledavidm",NA,1
"857","h","haledm@",NA,1
"858","h","hanieymr@",NA,1
"859","h","hanieymr@`",NA,1
"860","h","hankymonicar",NA,1
"861","h","hanlemr@",NA,2
"862","h","hanleymonicar","1.4(B),1.4(D)",2
"863","h","hanleymonicar",NA,156
"864","h","hanleymr@","1.4(B),1.4(D)",2
"865","h","hanleymr@",NA,88
"866","h","hanleymr@°",NA,1
"867","h","hanleymr@e",NA,1
"868","h","hanleymr@i",NA,3
"869","h","hanleymr@subjectfwpisprint",NA,1
"870","h","hanleymr@t",NA,1
"871","h","hanleymr©",NA,1
"872","h","hanleymrga",NA,1
"873","h","hanleyrnr@",NA,2
"874","h","hannahrichert",NA,1
"875","h","haroldkoplewicz",NA,1
"876","h","herieblair",NA,1
"877","h","hillchristopherr",NA,1
"878","h","hillcr@",NA,1
"879","h","holbrookerc@",NA,1
"880","h","hormatsrd@",NA,2
"881","h","humaabedin","1.4(B),1.4(D)",31
"882","h","humaabedin","1.4(D)",49
"883","h","humaabedin",NA,1401
"884","h","humaabedine",NA,1
"885","h","humaabedini",NA,1
"886","h","humaabedinjilotylaurenc",NA,3
"887","h","humaabedinr",NA,1
"888","h","humaabedinstategolt",NA,2
"889","h","humaabedinsubjectrei",NA,2
"890","h","humaabedinvalmorolona",NA,2
"891","h","humaabedinvalmorolonai",NA,1
"892","h","humaaleedin",NA,1
"893","h","i",NA,1
"894","h","iaurenjiloty",NA,1
"895","h","icherylmill",NA,3
"896","h","icherylmillcherylmillsi",NA,1
"897","h","icherylmillrshah",NA,1
"898","h","icherylmills",NA,6
"899","h","icherylmills@",NA,2
"900","h","icherylmillse",NA,1
"901","h","icherylmillsi",NA,2
"902","h","icherylmillsl",NA,1
"903","h","idavis",NA,4
"904","h","ieltmanjd@",NA,1
"905","h","iewij@",NA,1
"906","h","iewjj@",NA,2
"907","h","iewjj@subjectresenate",NA,1
"908","h","ifeltmanjd@i",NA,1
"909","h","ihabedin",NA,1
"910","h","ihanleymr@i",NA,1
"911","h","ihanleymr@l",NA,1
"912","h","iiilotylc@i",NA,1
"913","h","iilotylc@",NA,5
"914","h","ijacoble%jacobsullivan",NA,1
"915","h","ijacoblelewjacob",NA,1
"916","h","ijacoblew",NA,1
"917","h","ijacobsullivan",NA,8
"918","h","ijacobsullivani",NA,13
"919","h","ijacobsullivanl",NA,1
"920","h","ijacobsullivanstateovt",NA,1
"921","h","ijacobsullivant",NA,1
"922","h","ijacobsullivarjacobsullivan",NA,1
"923","h","ijilotylaurence",NA,1
"924","h","ildavi",NA,1
"925","h","illotylc@",NA,1
"926","h","ilolc©","1.4(B),1.4(D)",1
"927","h","ilotylaurenc",NA,1
"928","h","ilotylc@",NA,2
"929","h","ilotylc@i",NA,2
"930","h","ilotylc@l",NA,1
"931","h","ilvalmoro",NA,5
"932","h","imchaleja@i",NA,1
"933","h","imonicahante",NA,1
"934","h","imuscatine",NA,17
"935","h","imuscatine@gmailcom",NA,1
"936","h","imuscatinehumaabedin",NA,1
"937","h","inancy@parrishl",NA,1
"938","h","ireinesp@i",NA,1
"939","h","isbwhaeop",NA,1
"940","h","isbwhoeoldl",NA,1
"941","h","isbwhoeopi",NA,1
"942","h","isbwhoes",NA,1
"943","h","islaugh",NA,1
"944","h","islaughtera@i",NA,1
"945","h","islaughtr",NA,2
"946","h","islaughtr{",NA,1
"947","h","ittranviell",NA,1
"948","h","ivaimoro",NA,1
"949","h","ivalmor",NA,1
"950","h","ivalmorc",NA,1
"951","h","ivalmorchumaabedin",NA,4
"952","h","ivalmord",NA,1
"953","h","ivalmorhumaabedin",NA,1
"954","h","ivalmoro",NA,93
"955","h","ivalmoro—",NA,1
"956","h","ivalmorohanleymonicar",NA,2
"957","h","ivalmorohanleymr@",NA,1
"958","h","ivalmorohumaabedin",NA,25
"959","h","ivalmorol",NA,2
"960","h","ivalmorot",NA,1
"961","h","ivalmorou@i",NA,1
"962","h","ivalrnoro",NA,1
"963","h","iverveermelannesi","1.4(D)",1
"964","h","iynn",NA,1
"965","h","jackienewmyer",NA,2
"966","h","jacobleiewjj@",NA,1
"967","h","jacoblew",NA,4
"968","h","jacoblewjacobsullivan",NA,1
"969","h","jacoblewlewjacob",NA,1
"970","h","jacobsonroberta",NA,1
"971","h","jacobsulliva","1.4(B),1.4(D)",1
"972","h","jacobsulliva",NA,4
"973","h","jacobsullivan","1.4 (C)(D)",2
"974","h","jacobsullivan","1.4(B),1.4(D)",94
"975","h","jacobsullivan","1.4(B),1.4(D),B1",7
"976","h","jacobsullivan","1.4(D)",28
"977","h","jacobsullivan","1.4(D),B1",3
"978","h","jacobsullivan",NA,1388
"979","h","jacobsullivan]",NA,1
"980","h","jacobsullivan`",NA,1
"981","h","jacobsullivancarsonjohnnie",NA,1
"982","h","jacobsullivane",NA,1
"983","h","jacobsullivani",NA,6
"984","h","jacobsullivanjacobsullivan","1.4(B),1.4(D)",1
"985","h","jacobsullivanjacobsullivan",NA,4
"986","h","jacobsullivanp",NA,1
"987","h","jacobsullivanr",NA,2
"988","h","jacobsullivanreleaseinpart","1.4(D)",1
"989","h","jacobsullivanreleaseinpart",NA,1
"990","h","jacobsullivanreply",NA,1
"991","h","jacobsullivansiategov",NA,1
"992","h","jacobsullivanstategolt",NA,1
"993","h","jacobsullivanstateov",NA,1
"994","h","jacobsullivansullivanii@",NA,1
"995","h","jacobsullivansulliyanjj@",NA,1
"996","h","jacobsullivanvalmorolona",NA,1
"997","h","jacobsullivar","1.4(B),1.4(D)",1
"998","h","jacobsullivar",NA,12
"999","h","jacobsullivarhumaabedin",NA,1
"1000","h","jacobsullivarjacobsullivan",NA,1
"1001","h","jacobsullivarpreines",NA,1
"1002","h","jacobsulliyan",NA,1
"1003","h","jamierubin",NA,1
"1004","h","janpiercy",NA,3
"1005","h","jfarrow",NA,1
"1006","h","jiiotylc@",NA,1
"1007","h","jilotlc@stateov",NA,1
"1008","h","jilotylaurenc","1.4(B),1.4(D)",4
"1009","h","jilotylaurenc","1.4(D)",4
"1010","h","jilotylaurenc",NA,842
"1011","h","jilotylaurence",NA,1
"1012","h","jilotylaurenci",NA,11
"1013","h","jilotylaurencl",NA,1
"1014","h","jilotylaurencrussorv@",NA,1
"1015","h","jilotylaurencsiategov",NA,1
"1016","h","jilotylaurenct",NA,1
"1017","h","jilotylc©","1.4(B),1.4(D)",1
"1018","h","jilotylc©",NA,18
"1019","h","jilotylc©l",NA,1
"1020","h","jilotylc©r",NA,1
"1021","h","jilotylco",NA,1
"1022","h","joewilson",NA,2
"1023","h","johnpodesta",NA,3
"1024","h","jonespaulw",NA,3
"1025","h","jonespw@",NA,1
"1026","h","jpiercy",NA,3
"1027","h","jpodesta",NA,2
"1028","h","kellyc@",NA,2
"1029","h","kellycraiga",NA,4
"1030","h","kennedypatrickf",NA,8
"1031","h","kennedypf@",NA,3
"1032","h","kennedypf@r",NA,1
"1033","h","kohharoldhongju",NA,8
"1034","h","kohhh@",NA,6
"1035","h","lakesullivan","1.4(B),1.4(D)",1
"1036","h","lakesullivan",NA,4
"1037","h","lakesullivanjacobsullivan]",NA,1
"1038","h","lakesullivanl",NA,1
"1039","h","lannyjdavis",NA,3
"1040","h","laszczychj@",NA,3
"1041","h","laszczychjoanne",NA,10
"1042","h","laurenjiloti",NA,1
"1043","h","laurenjilotjilotylaurenc",NA,2
"1044","h","laurenjiloty",NA,8
"1045","h","laurenjilotyjilotylaurenc",NA,11
"1046","h","lcherylmills@posnermichaelh",NA,1
"1047","h","leltmanjd@","1.4(B),1.4(D)",1
"1048","h","leltmanjd@",NA,4
"1049","h","leltmanjd@i",NA,1
"1050","h","lewij@",NA,4
"1051","h","lewil@",NA,1
"1052","h","lewjacob",NA,11
"1053","h","lewjj@",NA,5
"1054","h","lewjj@i",NA,1
"1055","h","lhanleymr@",NA,1
"1056","h","lhanleymr@i",NA,1
"1057","h","lhumaabedine",NA,1
"1058","h","liakesullivan",NA,2
"1059","h","lilotylc@",NA,4
"1060","h","lilotylc@e",NA,1
"1061","h","lilotylc@i",NA,1
"1062","h","litiuscatine",NA,1
"1063","h","ljacobsullivan","1.4(B),1.4(D)",1
"1064","h","ljacobsullivan",NA,2
"1065","h","llvalmorod",NA,1
"1066","h","lmuscatine",NA,3
"1067","h","loisquam",NA,2
"1068","h","loisquarn",NA,1
"1069","h","luzzatto",NA,5
"1070","h","lvalmorc",NA,2
"1071","h","lynnforesterderothschild","1.4(B),1.4(D)",11
"1072","h","lynnforesterderothschild","1.4(B),1.4(D),B1",1
"1073","h","lynnforesterderothschild",NA,5
"1074","h","madeleinealbright",NA,5
"1075","h","markjpenr",NA,2
"1076","h","marshallcapriciap",NA,9
"1077","h","marshallcp@",NA,6
"1078","h","mchaleja@","1.4(D)",1
"1079","h","mchaleja@",NA,36
"1080","h","mchaleja@stategcw",NA,1
"1081","h","mchaleja@subjectrewikipedia",NA,2
"1082","h","mchaleja©",NA,1
"1083","h","mchalejuditha","1.4(D)",1
"1084","h","mchalejuditha",NA,76
"1085","h","meehanb@",NA,3
"1086","h","meehanbernadettem",NA,2
"1087","h","megrooneyl",NA,1
"1088","h","mhcaleja@",NA,1
"1089","h","mhcaleja@e",NA,1
"1090","h","mhcaleja@icc",NA,1
"1091","h","michelefl",NA,1
"1092","h","miilscd@",NA,1
"1093","h","mikulskibam",NA,10
"1094","h","miliscd@",NA,1
"1095","h","millscck@stateaov",NA,1
"1096","h","millscd©",NA,4
"1097","h","millscd©stateov",NA,1
"1098","h","millscheryl",NA,3
"1099","h","mitchellg@","1.4(B),1.4(D)",1
"1100","h","mitchellg@",NA,1
"1101","h","mitchellgeorge","1.4 (B)",1
"1102","h","mitchellgeorge","1.4(B),1.4(D)",5
"1103","h","mitchellgeorge",NA,6
"1104","h","mkalbright",NA,1
"1105","h","mlvalmoro",NA,1
"1106","h","mmoore",NA,1
"1107","h","monicahani",NA,1
"1108","h","monicahanle",NA,1
"1109","h","monicahanle\",NA,1
"1110","h","monicahanley","1.4(B),1.4(D)",1
"1111","h","monicahanley",NA,26
"1112","h","monicahanleyhanleymr@",NA,2
"1113","h","monicahanleyl",NA,1
"1114","h","monicahanlqrussorv@",NA,1
"1115","h","motlc@",NA,1
"1116","h","mtorrey",NA,5
"1117","h","muscatinel@",NA,28
"1118","h","muscatinel@i",NA,1
"1119","h","muscatinelissa",NA,50
"1120","h","nancycherylmills",NA,1
"1121","h","neeratanden",NA,7
"1122","h","newmye",NA,1
"1123","h","nidesthomasr",NA,7
"1124","h","nidestr@",NA,9
"1125","h","noratoi",NA,1
"1126","h","noratoiv",NA,2
"1127","h","ntande",NA,2
"1128","h","ntanden",NA,21
"1129","h","ntander",NA,3
"1130","h","ogordonph@",NA,1
"1131","h","oscarflores",NA,13
"1132","h","oterom@",NA,6
"1133","h","oteromaria",NA,8
"1134","h","oteromildred",NA,1
"1135","h","pathfinde",NA,1
"1136","h","pathfinder",NA,2
"1137","h","pennrhodeen",NA,2
"1138","h","posnermh@",NA,2
"1139","h","prein",NA,1
"1140","h","preine",NA,18
"1141","h","preine!",NA,1
"1142","h","preinereinesp@",NA,1
"1143","h","preines",NA,76
"1144","h","preines@",NA,2
"1145","h","preineshumaabedin",NA,7
"1146","h","preinesiverveermelannes",NA,1
"1147","h","preinesjacobsullivan",NA,10
"1148","h","preinesjacobsullivanverveet",NA,1
"1149","h","preinesreinesp@",NA,1
"1150","h","preinesschwerindanielb",NA,1
"1151","h","preinestjacobsullivan",NA,1
"1152","h","preinesverveermelannes",NA,1
"1153","h","preineverveermelannes",NA,1
"1154","h","pvervee",NA,4
"1155","h","pverveel",NA,1
"1156","h","pverveer",NA,22
"1157","h","pverveerverveermelannes",NA,1
"1158","h","reco",NA,2
"1159","h","recos",NA,20
"1160","h","reinesp@",NA,30
"1161","h","reinesp@i",NA,4
"1162","h","reinesphilippei",NA,46
"1163","h","ricese@",NA,2
"1164","h","ricesusane",NA,1
"1165","h","rlissorv@",NA,1
"1166","h","rmgates",NA,1
"1167","h","rmhcaleja@",NA,1
"1168","h","rnillscd@",NA,1
"1169","h","rnillscd@ssullivanija",NA,1
"1170","h","roachstephen",NA,1
"1171","h","rodriguezme@",NA,10
"1172","h","rodriguezmiguele",NA,13
"1173","h","rooneym@",NA,14
"1174","h","rooneymegan",NA,24
"1175","h","rossdennisb","1.4(B),1.4(D)",2
"1176","h","rossdennisb",NA,1
"1177","h","royspence",NA,7
"1178","h","rshal",NA,1
"1179","h","rsloan",NA,1
"1180","h","russofirtbertv",NA,1
"1181","h","russoiv@",NA,1
"1182","h","russont@",NA,1
"1183","h","russorobertmonicar",NA,1
"1184","h","russorobertv",NA,50
"1185","h","russorv@","1.4(D)",2
"1186","h","russorv@",NA,36
"1187","h","russorv@i",NA,1
"1188","h","russorv@stateclov",NA,1
"1189","h","russorv@stateovhanleymr@",NA,1
"1190","h","russorv@subjectfw",NA,1
"1191","h","russory@",NA,4
"1192","h","samuelberger",NA,2
"1193","h","sberger",NA,4
"1194","h","sbergerfshb",NA,1
"1195","h","sbwhoeco",NA,1
"1196","h","sbwhoect",NA,1
"1197","h","sbwhoeo",NA,9
"1198","h","sbwhoeoa!",NA,1
"1199","h","sbwhoeoc",NA,1
"1200","h","sbwhoeof",NA,1
"1201","h","sbwhoeop","1.4(B),1.4(D)",1
"1202","h","sbwhoeop",NA,181
"1203","h","sbwhoeop@",NA,1
"1204","h","sbwhoeopi",NA,1
"1205","h","sbwhoeor",NA,4
"1206","h","sbwhoeozsbwhoeop",NA,1
"1207","h","sbwhoep",NA,1
"1208","h","scherylmills",NA,1
"1209","h","schwartzep@",NA,2
"1210","h","schwerind@",NA,2
"1211","h","schwerindanielb",NA,8
"1212","h","schwerindb@",NA,6
"1213","h","schwerindb©",NA,1
"1214","h","sgration",NA,1
"1215","h","shahrajiv","1.4 (A)",1
"1216","h","shahrajiv",NA,2
"1217","h","shannonta@",NA,2
"1218","h","shannonthomasa",NA,3
"1219","h","shapiroa@",NA,6
"1220","h","shapiroandrewj",NA,3
"1221","h","shb",NA,1
"1222","h","shermanwendyr","1.4 (D)",6
"1223","h","shermanwendyr",NA,2
"1224","h","shumaabedin",NA,1
"1225","h","shwhoeci",NA,1
"1226","h","sjacobsullivan",NA,1
"1227","h","slaughb",NA,1
"1228","h","slaught",NA,2
"1229","h","slaughtera@","1.4(B),1.4(D),B1",1
"1230","h","slaughtera@","1.4(D)",1
"1231","h","slaughtera@",NA,63
"1232","h","slaughtera©",NA,1
"1233","h","slaughtr",NA,32
"1234","h","sslaughtera@",NA,1
"1235","h","ssullivanli@i",NA,1
"1236","h","staibott",NA,2
"1237","h","stalbott",NA,15
"1238","h","steinbergb@",NA,2
"1239","h","steinbergib@",NA,1
"1240","h","steinbergjamesb","1.4(B),1.4(D)",5
"1241","h","steinbergjamesb",NA,8
"1242","h","steinbergjb@",NA,6
"1243","h","steinbergjb@stateov",NA,1
"1244","h","stephenroach",NA,1
"1245","h","sterntd@",NA,4
"1246","h","sterntoddd",NA,3
"1247","h","strobetalbott",NA,42
"1248","h","suiiivagll@",NA,1
"1249","h","suilivanii@‘",NA,1
"1250","h","suilivanjj@",NA,2
"1251","h","suilyanjj@",NA,1
"1252","h","suliivanjacob",NA,1
"1253","h","sullivahu@",NA,1
"1254","h","sullivan",NA,1
"1255","h","sullivan@",NA,3
"1256","h","sullivanii@",NA,1
"1257","h","sullivanii@stateaov",NA,1
"1258","h","sullivanij©",NA,1
"1259","h","sullivanj@",NA,1
"1260","h","sullivanjambj",NA,1
"1261","h","sullivanjj©",NA,1
"1262","h","sullivanjj©stateov",NA,1
"1263","h","sullivanlamb",NA,1
"1264","h","sullivanu@",NA,2
"1265","h","sullivarkij@",NA,1
"1266","h","sulliyanij@",NA,1
"1267","h","sulliyanjj@",NA,7
"1268","h","tanleyrnr@",NA,1
"1269","h","tauscherellen",NA,16
"1270","h","tauschereo@",NA,5
"1271","h","tbed",NA,1
"1272","h","teltmanjd@","1.4(B),1.4(D)",1
"1273","h","terryduffy",NA,1
"1274","h","tflourno",NA,1
"1275","h","thchaleja@i",NA,1
"1276","h","thedinhuma",NA,1
"1277","h","thomasedonilon",NA,6
"1278","h","thomasedonilor",NA,2
"1279","h","thotylc@i",NA,1
"1280","h","tillemanntomicah",NA,4
"1281","h","tillemanntomicahs",NA,9
"1282","h","tillemannts@",NA,8
"1283","h","tiotylc@i",NA,1
"1284","h","tjacobsullivane","1.4 (C)(D)",1
"1285","h","tjilotylaurenci",NA,1
"1286","h","toivnf@",NA,9
"1287","h","toivnoraf",NA,12
"1288","h","tsbwhoecb",NA,1
"1289","h","ujacobsullivani",NA,1
"1290","h","urnchaleja@i",NA,1
"1291","h","vaimorolj@",NA,1
"1292","h","vaimorou@",NA,2
"1293","h","valenzuelaaa@","1.4(D)",1
"1294","h","valenzuelaaa@",NA,7
"1295","h","valenzuelaarturoa","1.4(B),1.4(D)",1
"1296","h","valenzuelaarturoa",NA,12
"1297","h","valmorol@",NA,2
"1298","h","valmorolanaj",NA,1
"1299","h","valmorolj@",NA,39
"1300","h","valmorolj@i",NA,2
"1301","h","valmorolj@l",NA,1
"1302","h","valmorolj©i",NA,1
"1303","h","valmoroll@",NA,6
"1304","h","valmorolona",NA,295
"1305","h","valmorolonahumaabedin",NA,1
"1306","h","valmorolraj",NA,1
"1307","h","valmorou@","1.4(D)",1
"1308","h","valmorou@",NA,208
"1309","h","valmorou@?",NA,2
"1310","h","valmorou@e",NA,6
"1311","h","valmorou@i",NA,11
"1312","h","valmorou@iwalmorolj@",NA,1
"1313","h","valmorou@l",NA,3
"1314","h","valmorou@stateov",NA,1
"1315","h","valmorou@walmorou@",NA,1
"1316","h","valmorou©",NA,9
"1317","h","vermarichardr",NA,116
"1318","h","vermarr@",NA,47
"1319","h","verveermeiannes—","1.4(D)",1
"1320","h","verveermelanne",NA,1
"1321","h","verveermelannes","1.4(B),1.4(D)",3
"1322","h","verveermelannes","1.4(D)",16
"1323","h","verveermelannes",NA,60
"1324","h","verveermelannesi",NA,1
"1325","h","verveermelannesstateov","1.4(D)",1
"1326","h","verveerms©",NA,1
"1327","h","warrom",NA,1
"1328","h","wburn",NA,1
"1329","h","wburns","1.4(B),1.4(D)",5
"1330","h","wburns",NA,5
"1331","h","wburnse","1.4(B),1.4(D)",1
"1332","h","wellsaliceg",NA,1
"1333","h","wendysherman",NA,1
"1334","h","williamsbarrett",NA,4
"1335","h","williamsbarrettcherylmills",NA,1
"1336","h","woodardericw",NA,1
"1337","h","woodardew@",NA,1
"1338","h","woodardew@humaabedin",NA,1
"1339","h","woodardew@rhumaabedin",NA,1
"1340","h","wsherman",NA,2
"1341","H","davidmilibandpersonal",NA,2
"1342","H","doughattaway",NA,1
"1343","H","H",NA,4
"1344","H","isbwhoeop",NA,2
"1345","H","laurenjilot",NA,2
"1346","H","laurenjiloty",NA,4
"1347","H","laurenjilotyjilotylaurenc",NA,1
"1348","H","sbwhoeo",NA,1
"1349","H","sbwhoeop",NA,21
"1350","H","valenzuelaaa©cclaurenjilot",NA,1
"1351","H","woodardevva",NA,1
"1352","haledavidm","aclb","1.4(B),1.4(D)",3
"1353","haledavidm","bumswilliamj","1.4(B),1.4(D)",1
"1354","haledavidm","burnswilliamj","1.4(B),1.4(D)",2
"1355","haledavidm","danielbshapircbwailesjacob","1.4(B),1.4(D)",1
"1356","haledavidm","danielbshapirowailesjacob","1.4(B),1.4(D)",1
"1357","haledavidm","danielshapirowailesjacob","1.4(B),1.4(D)",1
"1358","haledavidm","h","1.4(B),1.4(D)",1
"1359","haledavidm","hoffredericc","1.4(B),1.4(D)",4
"1360","haledavidm","humaabedin",NA,1
"1361","haledavidm","igeorge",NA,1
"1362","haledavidm","irwinmatthewt","1.4(B),1.4(D)",2
"1363","haledavidm","jacobsullivan","1.4(B),1.4(D)",4
"1364","haledavidm","jacobsullivan",NA,6
"1365","haledavidm","jacobsullivan]","1.4(B),1.4(D)",1
"1366","haledavidm","sacharalon",NA,3
"1367","haledavidm","sspecialassistants","1.4(B),1.4(D)",2
"1368","haledavidm","wellsaliceg",NA,1
"1369","hammermichaela","cherylmills",NA,45
"1370","hammermichaela","crowleyp@i",NA,1
"1371","hammermichaela","crowleyphilipj",NA,1
"1372","hammermichaela","gordonphilipft",NA,1
"1373","hammermichaela","jacobsullivan",NA,4
"1374","hammermichaela","millscheryl",NA,1
"1375","hammermichaela","mullstephend",NA,2
"1376","hanleymonicar","dr@clintonemallcom",NA,1
"1377","hanleymonicar","fid@clintonemailcomi",NA,1
"1378","hanleymonicar","h","1.4 (D)",1
"1379","hanleymonicar","h","1.4(B),1.4(D)",6
"1380","hanleymonicar","h",NA,198
"1381","hanleymonicar","H","1.4(B),1.4(D)",9
"1382","hanleymonicar","H",NA,26
"1383","hanleymonicar","hdr@chntonemailcom",NA,1
"1384","hanleymonicar","hdr@clintonernailcom",NA,2
"1385","hanleymonicar","hdr@clintorierriailcorn‘",NA,1
"1386","hanleymonicar","Hi",NA,3
"1387","hanleymonicar","Hs",NA,1
"1388","hanleymonicar","humaabedin",NA,5
"1389","hanleymonicar","iH",NA,1
"1390","hanleymonicar","iHi",NA,1
"1391","hanleymonicar","jacobsullivan",NA,2
"1392","hanleymonicar","schwerindanielb",NA,1
"1393","holbrookerichard","eikenberrykarlw",NA,3
"1394","holbrookerichard","jacobsullivan","1.4(B),1.4(D)",1
"1395","holbrookerichard","jacobsullivan","1.4(D)",1
"1396","holbrookerichard","jacobsullivan",NA,20
"1397","holbrookerichard","jonespaulw",NA,4
"1398","holbrookerichard","lakesullivanjacobsullivan","1.4(B),1.4(D)",1
"1399","holbrookerichard","nasrsvalir",NA,2
"1400","holbrookerichard","ricciardonefrancisj",NA,3
"1401","holbrookerichard","singhvikramj",NA,2
"1402","holbrookerichard","singhvikrann",NA,1
"1403","holbrookerichard","sullivanrob",NA,1
"1404","hormatsrobertd","cherylmills",NA,3
"1405","hormatsrobertd","h",NA,1
"1406","hormatsrobertd","jacobsullivan","1.4(B)(D)",1
"1407","hormatsrobertd","jacobsullivan",NA,16
"1408","hormatsrobertd","marantisdemetriosj",NA,1
"1409","hormatsrobertd","pattersonannew","1.4(B),1.4(D),B1",1
"1410","hormatsrobertd","smithdanielb","1.4(B)(D)",3
"1411","hormatsrobertd","vermarichardr",NA,2
"1412","humaabedin","//—class","1.4(B)(D)",1
"1413","humaabedin","annemarieslaughter",NA,6
"1414","humaabedin","availableh",NA,1
"1415","humaabedin","baerdanielb",NA,1
"1416","humaabedin","balderstonkrism",NA,1
"1417","humaabedin","bealecourtneyakramer",NA,5
"1418","humaabedin","brimmerestherd",NA,5
"1419","humaabedin","burnswilliamj",NA,2
"1420","humaabedin","cabegloria",NA,1
"1421","humaabedin","campbellkurtm",NA,2
"1422","humaabedin","capriciamarshal",NA,1
"1423","humaabedin","capriciamarshall",NA,2
"1424","humaabedin","carsonjohnnie",NA,2
"1425","humaabedin","cherylmills",NA,40
"1426","humaabedin","crowleyphilipj",NA,1
"1427","humaabedin","dennisross",NA,1
"1428","humaabedin","donaldrosemariehowe",NA,1
"1429","humaabedin","donnazaccaro",NA,2
"1430","humaabedin","dougband",NA,1
"1431","humaabedin","dunndavid",NA,1
"1432","humaabedin","ebelingbetsy",NA,2
"1433","humaabedin","eH",NA,1
"1434","humaabedin","elaineweiss",NA,1
"1435","humaabedin","evergreen",NA,1
"1436","humaabedin","feldmandanielf",NA,1
"1437","humaabedin","feltmanjd@","1.4(D)",2
"1438","humaabedin","feltmanjeffreyd","1.4(D)",1
"1439","humaabedin","feltmanjeffreyd",NA,2
"1440","humaabedin","gordonphiliph",NA,36
"1441","humaabedin","h","1.4 (C)(D)",1
"1442","humaabedin","h","1.4 (D)",1
"1443","humaabedin","h","1.4(B),1.4(D)",35
"1444","humaabedin","h","1.4(B),1.4(D),B1",1
"1445","humaabedin","h","1.4(D)",57
"1446","humaabedin","h",NA,1772
"1447","humaabedin","H","1.4(B),1.4(D)",1
"1448","humaabedin","H","1.4(D)",1
"1449","humaabedin","H",NA,33
"1450","humaabedin","haboulgheit",NA,1
"1451","humaabedin","hanleymonicar",NA,3
"1452","humaabedin","hanleymr@",NA,4
"1453","humaabedin","Hi","1.4(D)",1
"1454","humaabedin","Hi",NA,1
"1455","humaabedin","himback",NA,1
"1456","humaabedin","hoffredericc",NA,1
"1457","humaabedin","hr@attblackberrynet",NA,1
"1458","humaabedin","hsubjectfwresponsetoscall",NA,1
"1459","humaabedin","hsubjectgatesoffice",NA,1
"1460","humaabedin","hsubjectholbrooke",NA,1
"1461","humaabedin","hsubjectmitchell",NA,1
"1462","humaabedin","hsubjectricharditalkedtorch",NA,1
"1463","humaabedin","hsubjecttonyblair",NA,1
"1464","humaabedin","hthey",NA,1
"1465","humaabedin","humaabedin",NA,3
"1466","humaabedin","i",NA,1
"1467","humaabedin","iH","1.4(B),1.4(D)",1
"1468","humaabedin","iH",NA,2
"1469","humaabedin","ihdr@clintonemailaomi","1.4(D)",1
"1470","humaabedin","iHi","1.4(B),1.4(D)",1
"1471","humaabedin","iHi",NA,7
"1472","humaabedin","ihr@attblackberryneti",NA,1
"1473","humaabedin","iHt",NA,1
"1474","humaabedin","imuscatine",NA,1
"1475","humaabedin","jacobsonroberta",NA,2
"1476","humaabedin","jacobsullivan",NA,45
"1477","humaabedin","jeffreyfeltman",NA,1
"1478","humaabedin","jilotylaurenc",NA,5
"1479","humaabedin","justincooper",NA,1
"1480","humaabedin","kellycraiga",NA,1
"1481","humaabedin","luzzatto",NA,1
"1482","humaabedin","macmanusjosephe",NA,2
"1483","humaabedin","mark",NA,2
"1484","humaabedin","markh",NA,2
"1485","humaabedin","marl",NA,1
"1486","humaabedin","marshallcapriciap",NA,1
"1487","humaabedin","mchalejuditha",NA,1
"1488","humaabedin","millscheryl",NA,1
"1489","humaabedin","monicahanleyi",NA,1
"1490","humaabedin","nhbowen",NA,1
"1491","humaabedin","nhbowenl",NA,1
"1492","humaabedin","nidesthomasr",NA,1
"1493","humaabedin","oscarflores","1.4(B),1.4(D)",2
"1494","humaabedin","oscarflores",NA,39
"1495","humaabedin","preinesh",NA,1
"1496","humaabedin","reinesp@",NA,1
"1497","humaabedin","reinesphilippei",NA,7
"1498","humaabedin","rodriguezmiguele",NA,5
"1499","humaabedin","rosemariehowe",NA,3
"1500","humaabedin","rosemariehoweh",NA,1
"1501","humaabedin","rrhinteriorsh",NA,1
"1502","humaabedin","rubinerlaurie",NA,1
"1503","humaabedin","russorv@",NA,2
"1504","humaabedin","shahrajiv",NA,1
"1505","humaabedin","shannonthomasa",NA,2
"1506","humaabedin","sHi",NA,1
"1507","humaabedin","slaughti",NA,1
"1508","humaabedin","stalbotticherylmills",NA,1
"1509","humaabedin","strobetalbott",NA,2
"1510","humaabedin","subjectfw",NA,1
"1511","humaabedin","subjectfw/staffmeetingnotes",NA,1
"1512","humaabedin","subjectfwarmssaletoturkey",NA,1
"1513","humaabedin","subjectfwbenghazistaffing",NA,1
"1514","humaabedin","subjectfwbrainardnom",NA,1
"1515","humaabedin","subjectfwcallnotes",NA,1
"1516","humaabedin","subjectfwcalloriginalmessage",NA,1
"1517","humaabedin","subjectfwconfirmationstoday",NA,1
"1518","humaabedin","subjectfwcubaoriginalmessage",NA,1
"1519","humaabedin","subjectfwdprkreportedly",NA,1
"1520","humaabedin","subjectfwforsastunningfact",NA,1
"1521","humaabedin","subjectfwguaymurasupdate",NA,1
"1522","humaabedin","subjectfwhbj","1.4(B),1.4(D)",1
"1523","humaabedin","subjectfwhondurasupdate",NA,1
"1524","humaabedin","subjectfwlebanonhasacabinet","1.4(D)",1
"1525","humaabedin","subjectfwrequestfyi",NA,1
"1526","humaabedin","subjectfwsygtoannouncetrip",NA,1
"1527","humaabedin","subjectfwupdateonfrbeirne",NA,1
"1528","humaabedin","subjectfwwjcoriginalmessage",NA,1
"1529","humaabedin","subjectnovotes",NA,1
"1530","humaabedin","subjectpapendreaou",NA,1
"1531","humaabedin","sullivann@",NA,1
"1532","humaabedin","tdr@clintonemailcomi",NA,1
"1533","humaabedin","tH",NA,1
"1534","humaabedin","toivnoraf",NA,2
"1535","humaabedin","valmoroll@",NA,1
"1536","humaabedin","valmorolona",NA,6
"1537","humaabedin","valmorou@",NA,10
"1538","humaabedin","valmorou@i",NA,1
"1539","humaabedin","vermarichardr",NA,5
"1540","humaabedin","verveermelannes",NA,1
"1541","humaabedin","vodaebeling",NA,1
"1542","humaabedin","warlickmaryb",NA,1
"1543","humaabedin","we",NA,1
"1544","hydedana","cherylmills",NA,26
"1545","hydedana","lewjacob",NA,1
"1546","hydedana","millscheryl",NA,1
"1547","hydedana","nidesthomasr",NA,1
"1548","hydedana","smithjeannemariee",NA,1
"1549","ivalmoro","h",NA,58
"1550","ivalmoro","humaabedin",NA,2
"1551","jacobsonrobertas","carrawaycassandrab","1.4(B),1.4(D)",1
"1552","jacobsonrobertas","cherylmills",NA,2
"1553","jacobsonrobertas","gipsdonaldh","1.4(B),1.4(D)",2
"1554","jacobsonrobertas","h",NA,1
"1555","jacobsonrobertas","humaabedin",NA,8
"1556","jacobsonrobertas","jacobsullivan",NA,1
"1557","jacobsonrobertas","pagesusand","1.4(B),1.4(D)",2
"1558","jacobsonrobertas","pflaumerwaltern","1.4(B),1.4(D)",1
"1559","jacobsonrobertas","quanrudpamelag",NA,1
"1560","jacobsonrobertas","reynosojulissa",NA,1
"1561","jacobsonrobertas","shermanwendyr",NA,1
"1562","jacobsonrobertas","sspecialassistants",NA,3
"1563","jacobsonrobertas","toivnoraf",NA,1
"1564","jacobsonrobertas","valenzuelaarturoa",NA,3
"1565","jacobsullivan","—declassifyon//","1.4(B),1.4(D)",1
"1566","jacobsullivan","//—class","1.4(B),1.4(D)",1
"1567","jacobsullivan","abbaszadehnima",NA,1
"1568","jacobsullivan","abedinkum",NA,1
"1569","jacobsullivan","aclb","1.4(B),1.4(D)",1
"1570","jacobsullivan","annemarieslaughter",NA,9
"1571","jacobsullivan","bergersamuelr",NA,1
"1572","jacobsullivan","blakerobert","1.4(B),1.4(D)",1
"1573","jacobsullivan","blakerobert",NA,1
"1574","jacobsullivan","burnswilliam",NA,4
"1575","jacobsullivan","burnswilliamj",NA,8
"1576","jacobsullivan","campbellkurtm",NA,6
"1577","jacobsullivan","carsonjohnnie",NA,9
"1578","jacobsullivan","cherylmills","1.4(D)",1
"1579","jacobsullivan","cherylmills",NA,48
"1580","jacobsullivan","cretegenea",NA,1
"1581","jacobsullivan","crockerryanc",NA,2
"1582","jacobsullivan","crowleyphilipj",NA,1
"1583","jacobsullivan","cuelourdesc",NA,1
"1584","jacobsullivan","davicpressmancherylmills",NA,1
"1585","jacobsullivan","davidignatius",NA,1
"1586","jacobsullivan","davidjpressmar",NA,1
"1587","jacobsullivan","davidlpressman",NA,1
"1588","jacobsullivan","davidmilibandpersonal",NA,1
"1589","jacobsullivan","davidpressmancherylmills",NA,1
"1590","jacobsullivan","daviesglynt",NA,1
"1591","jacobsullivan","donilonthomase",NA,3
"1592","jacobsullivan","evergreen",NA,2
"1593","jacobsullivan","feitmanjeffreyd",NA,2
"1594","jacobsullivan","feldmandanielf",NA,2
"1595","jacobsullivan","feltmanjeffreyd","1.4(D)",1
"1596","jacobsullivan","feltmanjeffreyd",NA,14
"1597","jacobsullivan","feltrnanjeffreyd",NA,1
"1598","jacobsullivan","gordonphiliph",NA,4
"1599","jacobsullivan","h","",1
"1600","jacobsullivan","h","1.4 (B)(D)",7
"1601","jacobsullivan","h","1.4(B),1.4(D)",100
"1602","jacobsullivan","h","1.4(B),1.4(D),B1",5
"1603","jacobsullivan","h","1.4(D)",33
"1604","jacobsullivan","h","1.4(D),B1",3
"1605","jacobsullivan","h",NA,1260
"1606","jacobsullivan","H",NA,56
"1607","jacobsullivan","haledavidm",NA,2
"1608","jacobsullivan","harrellpetere",NA,2
"1609","jacobsullivan","HcH",NA,1
"1610","jacobsullivan","hdr@clintonemailcorre",NA,1
"1611","jacobsullivan","hi",NA,1
"1612","jacobsullivan","Hi",NA,2
"1613","jacobsullivan","hoffredericc",NA,1
"1614","jacobsullivan","hormatsrobertd",NA,1
"1615","jacobsullivan","hreleaseinpart","1.4(B),1.4(D)",1
"1616","jacobsullivan","Hs",NA,1
"1617","jacobsullivan","hsubjectfwimportancehigh",NA,1
"1618","jacobsullivan","humaabedin","1.4(B),1.4(D)",4
"1619","jacobsullivan","humaabedin","1.4(D)",3
"1620","jacobsullivan","humaabedin",NA,42
"1621","jacobsullivan","iH",NA,3
"1622","jacobsullivan","ihdr@clintonemailcorre",NA,1
"1623","jacobsullivan","iHl",NA,1
"1624","jacobsullivan","iHt",NA,1
"1625","jacobsullivan","ii",NA,1
"1626","jacobsullivan","jacobsullivan",NA,2
"1627","jacobsullivan","jeffreyfeltman",NA,1
"1628","jacobsullivan","jimkennedy",NA,2
"1629","jacobsullivan","jonesbethe",NA,1
"1630","jacobsullivan","josephjofi","1.4(D),1.4(H),B1",1
"1631","jacobsullivan","kellycraiga",NA,1
"1632","jacobsullivan","kellyianc",NA,1
"1633","jacobsullivan","kohharoldhongju",NA,2
"1634","jacobsullivan","lewjacob",NA,2
"1635","jacobsullivan","macmanusjosephe",NA,1
"1636","jacobsullivan","mcauliffemarisas",NA,1
"1637","jacobsullivan","mchalejuditha",NA,8
"1638","jacobsullivan","mertenkennethh",NA,1
"1639","jacobsullivan","michaelzubrow",NA,1
"1640","jacobsullivan","mitchellderek","1.4(B),1.4(D)",1
"1641","jacobsullivan","moykinw","1.4(B),1.4(D)",1
"1642","jacobsullivan","mullstephend",NA,1
"1643","jacobsullivan","muntercameronp","1.4(B),1.4(D)",7
"1644","jacobsullivan","nidesthomasr",NA,2
"1645","jacobsullivan","philippereines",NA,1
"1646","jacobsullivan","preineh",NA,3
"1647","jacobsullivan","preines",NA,2
"1648","jacobsullivan","preinesh",NA,1
"1649","jacobsullivan","reinesphilippei",NA,4
"1650","jacobsullivan","releaseinpart","1.4(B),1.4(D),B1",1
"1651","jacobsullivan","releaseinpart","1.4(B)(D)",1
"1652","jacobsullivan","rhodesbenjaminj",NA,1
"1653","jacobsullivan","rodit",NA,1
"1654","jacobsullivan","rooneymegan",NA,2
"1655","jacobsullivan","rossalec",NA,1
"1656","jacobsullivan","rudmanmara",NA,2
"1657","jacobsullivan","ruggierofrankj",NA,1
"1658","jacobsullivan","sacharalon",NA,1
"1659","jacobsullivan","samuelberger",NA,1
"1660","jacobsullivan","samuelsonheatherf",NA,1
"1661","jacobsullivan","schwartzericp",NA,1
"1662","jacobsullivan","schwerindanielb",NA,1
"1663","jacobsullivan","shannonthomasa",NA,5
"1664","jacobsullivan","shermanwendyr","1.4 (B)(D)",5
"1665","jacobsullivan","shermanwendyr",NA,1
"1666","jacobsullivan","singhvikram",NA,2
"1667","jacobsullivan","singhvikramj",NA,5
"1668","jacobsullivan","slotkinelissab",NA,10
"1669","jacobsullivan","sspecialassistants",NA,1
"1670","jacobsullivan","steinbergjamesb",NA,6
"1671","jacobsullivan","stevensjohnc",NA,2
"1672","jacobsullivan","strobetalbott",NA,1
"1673","jacobsullivan","subjectfwcongratulations","1.4(B),1.4(D)",1
"1674","jacobsullivan","subjectfwfromambholbrookefyi",NA,1
"1675","jacobsullivan","subjectfwhaaretzeditorialfyi",NA,1
"1676","jacobsullivan","subjectfwheyfyi",NA,1
"1677","jacobsullivan","subjectfwmissionaccomplished",NA,1
"1678","jacobsullivan","subjectfwmtgw/reyesfyi",NA,1
"1679","jacobsullivan","subjectfwrussians","1.4(B),1.4(D)",1
"1680","jacobsullivan","subjectfwsygtripfyi",NA,1
"1681","jacobsullivan","subjectfwuuptovoteagainst",NA,1
"1682","jacobsullivan","subjectrefollowup","1.4(B),1.4(D)",1
"1683","jacobsullivan","subjectrehonduras","1.4(D)",1
"1684","jacobsullivan","subjectreiranoriginalmessage","1.4(B),1.4(D)",2
"1685","jacobsullivan","subjectreoriginalmessage",NA,1
"1686","jacobsullivan","tH",NA,1
"1687","jacobsullivan","tHi",NA,1
"1688","jacobsullivan","tillemanntomicah",NA,2
"1689","jacobsullivan","tillemanntomicahs",NA,10
"1690","jacobsullivan","tommalinowski",NA,2
"1691","jacobsullivan","tongkurtw","1.4(D)",1
"1692","jacobsullivan","valenzuelaarturoa",NA,1
"1693","jacobsullivan","valmorolona",NA,4
"1694","jacobsullivan","vermarichardr",NA,4
"1695","jacobsullivan","verveermelannes",NA,1
"1696","jeffreylfarrow","h",NA,24
"1697","jeffreylfarrow","jacobsullivan",NA,7
"1698","jeffreylfarrow","jaiesullivan",NA,1
"1699","jilotylaurenc","available",NA,1
"1700","jilotylaurenc","balderstonkrism",NA,2
"1701","jilotylaurenc","cherylmills",NA,4
"1702","jilotylaurenc","fi",NA,1
"1703","jilotylaurenc","h",NA,391
"1704","jilotylaurenc","H",NA,26
"1705","jilotylaurenc","Hl",NA,1
"1706","jilotylaurenc","humaabedin",NA,11
"1707","jilotylaurenc","iH",NA,12
"1708","jilotylaurenc","iHi",NA,2
"1709","jilotylaurenc","iHl",NA,1
"1710","jilotylaurenc","jilotylaurenc",NA,9
"1711","jilotylaurenc","samuelsonheatherf",NA,1
"1712","jilotylaurenc","sHi",NA,1
"1713","jilotylaurenc","subjectreapplesiwas",NA,1
"1714","jilotylaurenc","subjectreokoriginalmessage",NA,2
"1715","jilotylaurenc","tH",NA,2
"1716","jilotylaurenc","vodaebeling",NA,2
"1717","kazemishamim","cherylmills","1.4(B),1.4(D)",18
"1718","kazemishamim","cherylmills","1.4(D)",4
"1719","kazemishamim","louispierrea","1.4(B),1.4(D)",14
"1720","kazemishamim","louispierrea","1.4(D)",2
"1721","kellycraiga","amselemwlewis",NA,1
"1722","kellycraiga","cherylmills","1.4(A),1.4(D)",1
"1723","kellycraiga","cherylmills",NA,16
"1724","kellycraiga","h",NA,9
"1725","kellycraiga","humaabedin",NA,5
"1726","kellycraiga","jacobsullivan",NA,18
"1727","kellycraiga","llorenshugo",NA,1
"1728","kellycraiga","macmanusjosephe",NA,1
"1729","kellycraiga","pagesusand","1.4(B),1.4(D)",1
"1730","kellycraiga","shannonthomasa",NA,3
"1731","kellycraiga","stevensonandrewd",NA,1
"1732","kellycraiga","valenzuelaarturoa",NA,6
"1733","kennedypatrickf","boswelleric",NA,1
"1734","kennedypatrickf","cherylmills",NA,84
"1735","kennedypatrickf","crowleyphilipj",NA,2
"1736","kennedypatrickf","feltmanjeffreyd",NA,1
"1737","kennedypatrickf","h",NA,9
"1738","kennedypatrickf","humaabedin",NA,3
"1739","kennedypatrickf","icherylmillscd@",NA,1
"1740","kennedypatrickf","lindwalldavide",NA,1
"1741","kennedypatrickf","macmanusjosephe",NA,1
"1742","kennedypatrickf","millscheryl",NA,2
"1743","kennedypatrickf","mullstephend",NA,1
"1744","kennedypatrickf","nidesthomasr",NA,1
"1745","kennedypatrickf","paulirosemarie",NA,1
"1746","kennedypatrickf","reinesphilippei",NA,2
"1747","kennedypatrickf","riesmarcieb",NA,1
"1748","kennedypatrickf","rodriguezmiguele",NA,1
"1749","kennedypatrickf","steinbergjamesb",NA,1
"1750","klevorickcaitlinb","annemarieslaughter",NA,1
"1751","klevorickcaitlinb","bulgrinjuliek",NA,1
"1752","klevorickcaitlinb","chartrandjennifer",NA,1
"1753","klevorickcaitlinb","cherylmills",NA,38
"1754","klevorickcaitlinb","crowleyphilip",NA,2
"1755","klevorickcaitlinb","curtismeghanna",NA,2
"1756","klevorickcaitlinb","dowdkatiew",NA,2
"1757","klevorickcaitlinb","masonismelindaj",NA,1
"1758","klevorickcaitlinb","nulandvictoria",NA,1
"1759","klevorickcaitlinb","reinesphilippei",NA,1
"1760","klevorickcaitlinb","rodriguezmiguele",NA,1
"1761","klevorickcaitlinb","shahrajiv",NA,2
"1762","klevorickcaitlinb","stockann",NA,1
"1763","klevorickcaitlinb","warnholzjeanlouis",NA,1
"1764","kohharoldhongju","brimmerestherd",NA,1
"1765","kohharoldhongju","burnswilliamj",NA,6
"1766","kohharoldhongju","carsonjohnnie",NA,1
"1767","kohharoldhongju","cherylmills",NA,9
"1768","kohharoldhongju","crowleyphilip",NA,2
"1769","kohharoldhongju","crowleyphilipj",NA,4
"1770","kohharoldhongju","crowleyphilipjjacobsullivan",NA,1
"1771","kohharoldhongju","feltmanjeffreyd",NA,4
"1772","kohharoldhongju","h",NA,14
"1773","kohharoldhongju","H",NA,4
"1774","kohharoldhongju","hii",NA,1
"1775","kohharoldhongju","Hl",NA,1
"1776","kohharoldhongju","Ht",NA,1
"1777","kohharoldhongju","jacobsullivan",NA,11
"1778","kohharoldhongju","macmanusjosephe",NA,1
"1779","kohharoldhongju","mertenkennethh",NA,2
"1780","kohharoldhongju","steinbergjamesb",NA,4
"1781","kohharoldhongju","subjectattachments",NA,1
"1782","kohharoldhongju","tonessusan",NA,1
"1783","kohharoldhongju","torressusan",NA,1
"1784","laszczychjoanne","bethfellman",NA,1
"1785","laszczychjoanne","cherylmills",NA,13
"1786","laszczychjoanne","goldbergphilips",NA,1
"1787","laszczychjoanne","h",NA,14
"1788","laszczychjoanne","lindadelgado",NA,1
"1789","laszczychjoanne","millscheryid",NA,1
"1790","lewjacob","annemarieslaughter",NA,2
"1791","lewjacob","cherylmills",NA,16
"1792","lewjacob","crowleyphilipj",NA,2
"1793","lewjacob","feldmandanielf",NA,6
"1794","lewjacob","fl",NA,1
"1795","lewjacob","fromanmichaelb",NA,1
"1796","lewjacob","h",NA,25
"1797","lewjacob","H",NA,4
"1798","lewjacob","iHe",NA,1
"1799","lewjacob","mchalejuditha",NA,1
"1800","lewjacob","ricciardonefrancis",NA,1
"1801","lewjacob","subjectstatusofyemeni",NA,1
"1802","lewjacob","valmorolona",NA,2
"1803","lewjacob","vermarichardr",NA,3
"1804","lindwalldavide","andersongeraldc","1.4(B),1.4(D)",1
"1805","lindwalldavide","cherylmills","1.4(B),1.4(D)",4
"1806","lindwalldavide","cherylmills",NA,13
"1807","lindwalldavide","joneskalic","1.4(B),1.4(D)",1
"1808","lindwalldavide","kennedypatrickf",NA,1
"1809","lindwalldavide","kujawinskipeteri","1.4(B),1.4(D)",1
"1810","lindwalldavide","kujawinskipeteri",NA,1
"1811","lindwalldavide","mertenkennethh","1.4(B),1.4(D)",6
"1812","lindwalldavide","mertenkennethh",NA,2
"1813","lissamuscatine","h",NA,58
"1814","lissamuscatine","humaabedin",NA,4
"1815","louispierrea","cherylmills","1.4(B),1.4(D)",44
"1816","louispierrea","cherylmills","1.4(D)",14
"1817","louispierrea","kazemishamim","1.4(B),1.4(D)",18
"1818","louispierrea","kazemishamim","1.4(D)",2
"1819","louispierrea","kazemishamimcherylmills","1.4(B),1.4(D)",1
"1820","louispierrea","kujawinskipeteri","1.4(B),1.4(D)",1
"1821","louispierrea","mccaryjohna","1.4(B),1.4(D)",1
"1822","louispierrea","mertenkennethh","1.4(B),1.4(D)",1
"1823","louispierrea","mertenkennethh","1.4(D)",2
"1824","louispierrea","mertenkennethh",NA,3
"1825","lucaslaurad","barksruggleserica",NA,1
"1826","lucaslaurad","cherylmills",NA,2
"1827","lucaslaurad","humaabedin",NA,8
"1828","lucaslaurad","jacobsullivan","1.4(B),1.4(D)",1
"1829","lucaslaurad","jacobsullivan",NA,16
"1830","lucaslaurad","jilotylaurenc",NA,1
"1831","lucaslaurad","wellsaliceg",NA,2
"1832","mcdonoughdenisr","andersonbrooked",NA,1
"1833","mcdonoughdenisr","burnswilliam",NA,3
"1834","mcdonoughdenisr","burnswilliamj",NA,1
"1835","mcdonoughdenisr","changbenjamin",NA,1
"1836","mcdonoughdenisr","cherylmilis",NA,1
"1837","mcdonoughdenisr","cherylmills",NA,75
"1838","mcdonoughdenisr","cherylmillscherylmills",NA,1
"1839","mcdonoughdenisr","crowleyphilip",NA,1
"1840","mcdonoughdenisr","crowleyphilipj",NA,3
"1841","mcdonoughdenisr","duguidgordonk",NA,1
"1842","mcdonoughdenisr","humaabedin",NA,3
"1843","mcdonoughdenisr","jacobsullivan",NA,4
"1844","mcdonoughdenisr","rangelrobertcivsdcherylmills",NA,3
"1845","mchalejuditha","annemarieslaughter",NA,3
"1846","mchalejuditha","attachmentsscahighlightsdocx",NA,1
"1847","mchalejuditha","burnswilliam",NA,1
"1848","mchalejuditha","burnswilliamj",NA,2
"1849","mchalejuditha","carrollsean",NA,1
"1850","mchalejuditha","cherylmills",NA,6
"1851","mchalejuditha","crowleyphilip",NA,1
"1852","mchalejuditha","crowleyphilipj",NA,3
"1853","mchalejuditha","doughattaway",NA,2
"1854","mchalejuditha","dowdkatiew",NA,1
"1855","mchalejuditha","eurambassadorsdl",NA,1
"1856","mchalejuditha","feldmandanielf",NA,1
"1857","mchalejuditha","graygordon",NA,1
"1858","mchalejuditha","h","1.4(D)",5
"1859","mchalejuditha","h",NA,194
"1860","mchalejuditha","H",NA,1
"1861","mchalejuditha","isaacsonwalter",NA,3
"1862","mchalejuditha","jacobsullivan",NA,4
"1863","mchalejuditha","kaisersandral",NA,1
"1864","mchalejuditha","lewjacob",NA,1
"1865","mchalejuditha","mcdonoughdenisr",NA,2
"1866","mchalejuditha","mellottjoseph",NA,7
"1867","mchalejuditha","oteromaria",NA,2
"1868","mchalejuditha","pascualcarlos",NA,1
"1869","mchalejuditha","posnermichaelh",NA,2
"1870","mchalejuditha","schwartzlarry",NA,4
"1871","mchalejuditha","shahrajiv",NA,19
"1872","mchalejuditha","smithdanas",NA,3
"1873","mchalejuditha","somersetannd",NA,1
"1874","mchalejuditha","subjectthiseveningi","1.4(D)",1
"1875","mchalejuditha","tHi",NA,1
"1876","mchalejuditha","tonyburman",NA,1
"1877","mchalejuditha","valmorolona",NA,1
"1878","mchalejuditha","whartondavidb",NA,5
"1879","meehanbernadettem","cherylmills",NA,5
"1880","meehanbernadettem","h",NA,6
"1881","meehanbernadettem","humaabedin",NA,1
"1882","meehanbernadettem","jacobsullivan","1.4 (B)(D)",1
"1883","meehanbernadettem","jacobsullivan","1.4(D)",1
"1884","meehanbernadettem","jacobsullivan",NA,13
"1885","meehanbernadettem","meehanbernadettem",NA,1
"1886","meehanbernadettem","millscheryl",NA,1
"1887","mertenkennethh","barksrugglesericaj",NA,2
"1888","mertenkennethh","cherylmills","1.4(B),1.4(D)",3
"1889","mertenkennethh","cherylmills","1.4(B),1.4(D),B1",1
"1890","mertenkennethh","cherylmills",NA,19
"1891","mertenkennethh","edmondmulet","1.4(B),1.4(D)",1
"1892","mertenkennethh","holmesstephaniee","1.4(B),1.4(D),B1",1
"1893","mertenkennethh","jacobsonrobertas",NA,2
"1894","mertenkennethh","keenkenltgusaussouthcom/sccc",NA,1
"1895","mertenkennethh","lindwalldavide","1.4(B),1.4(D)",1
"1896","mertenkennethh","louispierrea","1.4(D)",1
"1897","mertenkennethh","mcdonaldkarac","1.4(D)",2
"1898","mertenkennethh","millscheryismeghanna","1.4(D),B1",1
"1899","mertenkennethh","mulet","1.4(B),1.4(D)",1
"1900","mertenkennethh","piechowskijone","1.4(B),1.4(D)",1
"1901","mertenkennethh","smithdanielb",NA,2
"1902","mertenkennethh","yunthomasw",NA,1
"1903","mikulskibam","h",NA,18
"1904","mikulskibam","humaabedin",NA,2
"1905","mikulskibam","iH",NA,1
"1906","mikulskibam","wendysherman",NA,2
"1907","mooreannaw","newsafghanistan",NA,1
"1908","mooreannaw","newseur",NA,1
"1909","mooreannaw","newskorea",NA,1
"1910","mooreannaw","newsmahogany",NA,33
"1911","mooreannaw","newsnea",NA,1
"1912","mooreannaw","newswha",NA,1
"1913","mooreannaw","sspecialassistants",NA,3
"1914","mullstephend","benjamindaniels",NA,3
"1915","mullstephend","bitterrena",NA,1
"1916","mullstephend","burnswilliam",NA,2
"1917","mullstephend","burnswilliamj",NA,1
"1918","mullstephend","carsonjohnnie",NA,9
"1919","mullstephend","cherylmills","1.4(B),1.4(D)",3
"1920","mullstephend","cherylmills",NA,29
"1921","mullstephend","crosbycolint",NA,1
"1922","mullstephend","crowleyphilip","1.4(D)",1
"1923","mullstephend","finneyclarencen",NA,1
"1924","mullstephend","hammermichaela",NA,2
"1925","mullstephend","humaabedin",NA,5
"1926","mullstephend","jacobsullivan","1.4(B),1.4(D)",3
"1927","mullstephend","jacobsullivan",NA,11
"1928","mullstephend","pascualcarlos",NA,1
"1929","mullstephend","schmiererrichardj",NA,2
"1930","mullstephend","sspecialassistants",NA,1
"1931","mullstephend","toivnoraf",NA,2
"1932","mullstephend","valmorolona",NA,4
"1933","muntercameronp","davidsonmark","1.4(B),1.4(D)",4
"1934","muntercameronp","engelkenstephenc","1.4(B),1.4(D)",4
"1935","muntercameronp","feldmandanielf","1.4(B),1.4(D)",7
"1936","muntercameronp","grossmanmarci",NA,2
"1937","muntercameronp","jacobsullivan","1.4(B),1.4(D)",4
"1938","muntercameronp","jacobsullivan",NA,4
"1939","muntercameronp","nepalrohits","1.4(B),1.4(D)",4
"1940","muntercameronp","ruggierofrank","1.4(B),1.4(D)",1
"1941","muntercameronp","ruggierofrankj","1.4(B),1.4(D)",1
"1942","muscatinelissa","cherylmills",NA,16
"1943","muscatinelissa","danielbaer",NA,1
"1944","muscatinelissa","h",NA,73
"1945","muscatinelissa","humaabedin",NA,5
"1946","muscatinelissa","millscheryl",NA,3
"1947","neeratanden","h",NA,34
"1948","neeratanden","humaabedin",NA,1
"1949","nidesthomasr","adlercarolinee",NA,1
"1950","nidesthomasr","atisch",NA,1
"1951","nidesthomasr","h",NA,16
"1952","nidesthomasr","haledavidm","1.4(B),1.4(D)",3
"1953","nidesthomasr","hormatsrobertd",NA,1
"1954","nidesthomasr","jacobsullivan",NA,6
"1955","nidesthomasr","johnfkerry",NA,1
"1956","nidesthomasr","millscheryl",NA,1
"1957","nidesthomasr","vermarichardr",NA,2
"1958","opsalert","sesdutydeputies",NA,3
"1959","opsnewsticker","news",NA,1
"1960","opsnewsticker","newsaf",NA,15
"1961","opsnewsticker","newsafghanistan",NA,35
"1962","opsnewsticker","newsbalkans",NA,1
"1963","opsnewsticker","newsca",NA,7
"1964","opsnewsticker","newschina","1.4(D)",1
"1965","opsnewsticker","newschina",NA,13
"1966","opsnewsticker","newsdrl",NA,5
"1967","opsnewsticker","newseap","1.4(D)",1
"1968","opsnewsticker","newseap",NA,20
"1969","opsnewsticker","newseb",NA,1
"1970","opsnewsticker","newsegypt","1.4(D)",9
"1971","opsnewsticker","newsegypt",NA,19
"1972","opsnewsticker","newsenergy",NA,1
"1973","opsnewsticker","newseur",NA,38
"1974","opsnewsticker","newsh",NA,14
"1975","opsnewsticker","newshaiti",NA,8
"1976","opsnewsticker","newshoa",NA,1
"1977","opsnewsticker","newsi",NA,28
"1978","opsnewsticker","newsiran","1.4(D)",1
"1979","opsnewsticker","newsiran",NA,7
"1980","opsnewsticker","newsiraq",NA,12
"1981","opsnewsticker","newskorea",NA,4
"1982","opsnewsticker","newslibya",NA,40
"1983","opsnewsticker","newsllbya",NA,1
"1984","opsnewsticker","newsmahogany",NA,737
"1985","opsnewsticker","newsmahoganycoses",NA,1
"1986","opsnewsticker","newsnea",NA,72
"1987","opsnewsticker","newspakistan",NA,14
"1988","opsnewsticker","newsrussia",NA,3
"1989","opsnewsticker","newssca",NA,2
"1990","opsnewsticker","newssgwi",NA,1
"1991","opsnewsticker","newssudan",NA,6
"1992","opsnewsticker","newsubya",NA,7
"1993","opsnewsticker","newswha",NA,9
"1994","opsnewsticker","newswikileaks",NA,1
"1995","opsnewsticker","newsyemen",NA,3
"1996","opsnewsticker","pafgroup@",NA,2
"1997","opsnewsticker","pafogroup@",NA,2
"1998","opsnewsticker","sesoos",NA,1
"1999","opsnewsticker","sesoshift",NA,2
"2000","opsnewsticker","sesoshiftii",NA,3
"2001","opsnewsticker","sesoshiftiii",NA,2
"2002","opsnewsticker","sess",NA,3
"2003","opsnewsticker","sesshiftiii",NA,1
"2004","opsnewsticker","shapirojeremy",NA,1
"2005","opsnewsticker","syriaunrest",NA,16
"2006","opsnewsticker","taskforce",NA,1
"2007","oteromaria","baerdanielb",NA,1
"2008","oteromaria","burnswilliam",NA,2
"2009","oteromaria","h",NA,13
"2010","oteromaria","posnermichaelh",NA,1
"2011","pascualcarlos","cherylmills","1.4(D)",1
"2012","pascualcarlos","cherylmills",NA,31
"2013","pascualcarlos","humaabedin",NA,1
"2014","pascualcarlos","jacobsullivan",NA,1
"2015","pascualcarlos","mchalejuditha",NA,1
"2016","pir","dianereynolds",NA,3
"2017","pir","evercreenreply",NA,1
"2018","pir","evergreen",NA,20
"2019","pir","evergreenreply",NA,9
"2020","pir","h",NA,160
"2021","pir","humaabedin",NA,1
"2022","pir","jacobsullivan",NA,6
"2023","posnermichaelh","cherylmills","1.4(D)",1
"2024","posnermichaelh","cherylmills",NA,14
"2025","posnermichaelh","crowleyphilipj",NA,2
"2026","posnermichaelh","drlusersdl",NA,1
"2027","posnermichaelh","grazedeborahe",NA,5
"2028","posnermichaelh","h",NA,3
"2029","posnermichaelh","jacobsullivan","1.4(D)",3
"2030","posnermichaelh","jacobsullivan",NA,7
"2031","posnermichaelh","kohharoldhongju",NA,1
"2032","posnermichaelh","mchalejuditha",NA,1
"2033","pverveer","ghorisabaiv",NA,1
"2034","pverveer","ghorisaban",NA,6
"2035","pverveer","h",NA,42
"2036","reinesphilippei","adamsdavid",NA,1
"2037","reinesphilippei","adlercarolinee",NA,1
"2038","reinesphilippei","capriciamarshal",NA,1
"2039","reinesphilippei","cherylmills","1.4(D)",1
"2040","reinesphilippei","cherylmills",NA,19
"2041","reinesphilippei","clarissaward",NA,1
"2042","reinesphilippei","crowleyphilip",NA,3
"2043","reinesphilippei","crowleyphilipj",NA,3
"2044","reinesphilippei","feltmanjeffreyd",NA,1
"2045","reinesphilippei","govashiriferial",NA,1
"2046","reinesphilippei","h",NA,65
"2047","reinesphilippei","H",NA,5
"2048","reinesphilippei","Hl",NA,1
"2049","reinesphilippei","humaabedin",NA,3
"2050","reinesphilippei","jacobsjanicel",NA,1
"2051","reinesphilippei","jacobsullivan",NA,6
"2052","reinesphilippei","klevorickcaitlinb",NA,2
"2053","reinesphilippei","landler",NA,1
"2054","reinesphilippei","nidesthomasr",NA,2
"2055","reinesphilippei","nulandvictoriaj",NA,1
"2056","reinesphilippei","rhodesbenjaminj",NA,3
"2057","reinesphilippei","russorobertv",NA,1
"2058","reinesphilippei","sesoswoonly",NA,1
"2059","reinesphilippei","steinbergjamesb",NA,2
"2060","reinesphilippei","valmorolona",NA,1
"2061","reinesphilippei","wardclarissa",NA,1
"2062","reynosojulissa","cherylmills","1.4(B),1.4(D)",5
"2063","reynosojulissa","cherylmills",NA,16
"2064","reynosojulissa","haitidlcdistro",NA,6
"2065","reynosojulissa","jacobsullivan",NA,2
"2066","reynosojulissa","kellycraiga","1.4(B),1.4(D)",1
"2067","reynosojulissa","mcdonaldkarac",NA,1
"2068","reynosojulissa","millscheryl",NA,1
"2069","reynosojulissa","shermanwendyr",NA,2
"2070","reynosojulissa","siemermargueritee",NA,1
"2071","ricesusane","andersonbrooked","1.4(B),1.4(D)",24
"2072","ricesusane","burnswilliam","1.4(B),1.4(D)",1
"2073","ricesusane","burnswilliamj","1.4(B),1.4(D)",4
"2074","ricesusane","cherylmills",NA,3
"2075","ricesusane","cmills@",NA,1
"2076","ricesusane","dicarlorosemarya","1.4(B),1.4(D)",1
"2077","ricesusane","dlutespower",NA,1
"2078","ricesusane","dlutespowerwolffalexd",NA,1
"2079","ricesusane","h",NA,5
"2080","ricesusane","jacobsullivan",NA,1
"2081","ricesusane","rossdennisb",NA,1
"2082","ricesusane","tdonilon","1.4(B),1.4(D)",1
"2083","ricesusane","tdonilor",NA,1
"2084","ricesusane","verveermelannes",NA,2
"2085","ricesusane","wolffalexd",NA,1
"2086","rodriguezmiguele","adamsdavid",NA,1
"2087","rodriguezmiguele","adamsdavids",NA,2
"2088","rodriguezmiguele","bartepeterr",NA,1
"2089","rodriguezmiguele","burnswilliam",NA,2
"2090","rodriguezmiguele","burnswilliamj",NA,3
"2091","rodriguezmiguele","cherylmills",NA,50
"2092","rodriguezmiguele","h",NA,16
"2093","rodriguezmiguele","H",NA,1
"2094","rodriguezmiguele","hseniorstaff",NA,1
"2095","rodriguezmiguele","humaabedin",NA,17
"2096","rodriguezmiguele","jilotylaurenc",NA,1
"2097","rodriguezmiguele","kimsungy",NA,2
"2098","rodriguezmiguele","klevorickcaitlinb",NA,3
"2099","rodriguezmiguele","mcmanusmatthewt",NA,1
"2100","rodriguezmiguele","millscherylid",NA,1
"2101","rodriguezmiguele","pellalaura",NA,1
"2102","rodriguezmiguele","reinesphilippei",NA,1
"2103","rodriguezmiguele","ricciardonefrancis",NA,2
"2104","rodriguezmiguele","ricciardonefrancisj",NA,1
"2105","rodriguezmiguele","rudmanmara",NA,1
"2106","rodriguezmiguele","samuelsonheatherf",NA,1
"2107","rodriguezmiguele","sujay",NA,1
"2108","rodriguezmiguele","sujayc",NA,1
"2109","rodriguezmiguele","sujaycfallonrobertm",NA,1
"2110","rodriguezmiguele","turkdavidm",NA,1
"2111","rodriguezmiguele","vermarichardr",NA,10
"2112","rooneymegan","cherylmills",NA,5
"2113","rooneymegan","h",NA,16
"2114","rooneymegan","humaabedin",NA,1
"2115","rossalec","burnswilliam",NA,1
"2116","rossalec","cherylmills",NA,50
"2117","rossalec","humaabedin",NA,1
"2118","rossalec","jacobsonrobertas",NA,1
"2119","rossalec","jacobsullivan",NA,5
"2120","rossalec","shannonthomasa",NA,6
"2121","rossalec","steinbergjamesb",NA,2
"2122","rossalec","stremlaumatthewh",NA,1
"2123","rossalec","toivnoraf",NA,2
"2124","rossalec","valmorolona",NA,2
"2125","rudmanmara","cherylmills","1.4(B),1.4(D)",4
"2126","rudmanmara","cherylmills",NA,14
"2127","rudmanmara","haledavidm","1.4(B),1.4(D)",2
"2128","rudmanmara","humaabedin",NA,4
"2129","rudmanmara","jacobsullivan","1.4(B),1.4(D)",2
"2130","rudmanmara","jacobsullivan",NA,10
"2131","russorobertv","betsyebelin",NA,1
"2132","russorobertv","cherylmills",NA,2
"2133","russorobertv","doug",NA,1
"2134","russorobertv","h",NA,28
"2135","russorobertv","H",NA,1
"2136","russorobertv","humaabedin",NA,3
"2137","russorobertv","jilotylaurenc",NA,2
"2138","russorobertv","millscheidh",NA,1
"2139","russorobertv","mon",NA,1
"2140","russorobertv","monicahanleh",NA,1
"2141","sbwhoeop","cherylmills",NA,3
"2142","sbwhoeop","douaband",NA,1
"2143","sbwhoeop","h","1.4(B),1.4(D)",1
"2144","sbwhoeop","h",NA,332
"2145","sbwhoeop","H",NA,3
"2146","sbwhoeop","i",NA,1
"2147","sbwhoeop","jilotylaurenc",NA,1
"2148","sbwhoeor","h",NA,21
"2149","schwartzlarry","jacobsullivan",NA,1
"2150","schwartzlarry","mchalejuditha","1.4(D)",1
"2151","schwartzlarry","mchalejuditha",NA,27
"2152","schwerindanielb","eurpress",NA,1
"2153","schwerindanielb","h",NA,11
"2154","schwerindanielb","H",NA,2
"2155","schwerindanielb","hrc",NA,1
"2156","schwerindanielb","humaabedin",NA,7
"2157","schwerindanielb","jacobsullivan",NA,16
"2158","schwerindanielb","reinesphilippei",NA,4
"2159","schwerindanielb","strobetalbott",NA,2
"2160","shannonthomasa","cherylmills","1.4(B),1.4(D)",2
"2161","shannonthomasa","cherylmills","1.4(D)",1
"2162","shannonthomasa","cherylmills",NA,32
"2163","shannonthomasa","h",NA,2
"2164","shannonthomasa","H",NA,1
"2165","shannonthomasa","humaabedin",NA,7
"2166","shannonthomasa","jacobsullivan",NA,10
"2167","shannonthomasa","kellycraiga",NA,1
"2168","shannonthomasa","llorenshugo",NA,1
"2169","shannonthomasa","rossalec",NA,6
"2170","shermanwendyr","burnswilliam","1.4 (B)(D)",1
"2171","shermanwendyr","burnswilliamj","1.4 (B)(D)",2
"2172","shermanwendyr","cherylmills",NA,6
"2173","shermanwendyr","geoffreyadams","1.4(B),1.4(D)",1
"2174","shermanwendyr","gordonphiliph","1.4(B),1.4(D)",1
"2175","shermanwendyr","h","1.4 (D)",10
"2176","shermanwendyr","h","1.4(B),1.4(D)",1
"2177","shermanwendyr","h",NA,6
"2178","shermanwendyr","haslachpatriciam",NA,1
"2179","shermanwendyr","helgamariaschmid","1.4(D)",1
"2180","shermanwendyr","idr@dintonemailcom",NA,1
"2181","shermanwendyr","jacobsonrobertas",NA,2
"2182","shermanwendyr","jacobsullivan","1.4 (B)(D)",3
"2183","shermanwendyr","jacobsullivan",NA,2
"2184","shermanwendyr","mullstephend",NA,1
"2185","shermanwendyr","pattersonannew",NA,1
"2186","shermanwendyr","reynosojulissa",NA,1
"2187","sidneyblumenthal","h",NA,18
"2188","simmonskristam","newsafghanistan",NA,2
"2189","simmonskristam","newschina",NA,1
"2190","simmonskristam","newseur",NA,1
"2191","simmonskristam","newsiraq",NA,1
"2192","simmonskristam","newsmahogany",NA,42
"2193","simmonskristam","newsnea",NA,3
"2194","simmonskristam","newswha",NA,1
"2195","simmonskristam","newswikileaks",NA,2
"2196","smithdanielb","burnswilliam","1.4(B),1.4(D)",1
"2197","smithdanielb","cherylmills","1.4 (D)",2
"2198","smithdanielb","cherylmills","1.4(D)",4
"2199","smithdanielb","cherylmills","1.4(D),1.4(E)",2
"2200","smithdanielb","cherylmills",NA,48
"2201","smithdanielb","hormatsrobertd","1.4(B)(D)",5
"2202","smithdanielb","hormatsrobertd",NA,1
"2203","smithdanielb","humaabedin",NA,5
"2204","smithdanielb","sesdepsecysmeeting",NA,2
"2205","smithdanielb","sesdutydeputies","1.4(D)",1
"2206","smithdanielb","vermarichardr",NA,1
"2207","steinbergjamesb","annemarieslaughter",NA,1
"2208","steinbergjamesb","ashrafmadeehas",NA,7
"2209","steinbergjamesb","burnswilliamj",NA,2
"2210","steinbergjamesb","campbellkurtm",NA,1
"2211","steinbergjamesb","cherylmills","1.4(A),1.4(D)",1
"2212","steinbergjamesb","cherylmills",NA,6
"2213","steinbergjamesb","h",NA,6
"2214","steinbergjamesb","jacobsondavid",NA,1
"2215","steinbergjamesb","reinesphilippei",NA,2
"2216","steinbergjamesb","vermarichardr",NA,1
"2217","sterntoddd","cherylmills",NA,1
"2218","sterntoddd","imfroman]",NA,1
"2219","sterntoddd","jacobsullivan","1.4(B),1.4(D)",2
"2220","sterntoddd","jacobsullivan",NA,26
"2221","sterntoddd","mfroman",NA,2
"2222","sterntoddd","mfromanijaldycconnors",NA,1
"2223","sterntoddd","turkdavidm",NA,3
"2224","strobetalbott","cherylmills",NA,11
"2225","strobetalbott","goldbergphilips",NA,1
"2226","strobetalbott","h",NA,69
"2227","strobetalbott","hhdousband",NA,1
"2228","strobetalbott","hrc",NA,6
"2229","strobetalbott","humaabedin",NA,2
"2230","strobetalbott","jacobsullivan]","1.4(D)",1
"2231","strobetalbott","katimarton",NA,3
"2232","strobetalbott","schwerindb@",NA,2
"2233","strobetalbott","toivnoraf",NA,2
"2234","strobetalbott","undisclosedrecipients",NA,1
"2235","tauscherellen","cherylmills",NA,8
"2236","tauscherellen","h",NA,7
"2237","tauscherellen","jacobsullivan",NA,6
"2238","tauscherellen","mcfaulmichaela",NA,3
"2239","tauscherellen","millschery",NA,1
"2240","tauscherellen","timbiejamesp",NA,3
"2241","tillemanntomicahs","cherylmills",NA,5
"2242","tillemanntomicahs","h",NA,11
"2243","tillemanntomicahs","H",NA,7
"2244","tillemanntomicahs","Hi",NA,4
"2245","tillemanntomicahs","Hs",NA,1
"2246","toivnoraf","baerdanielb",NA,1
"2247","toivnoraf","cherylmills",NA,149
"2248","toivnoraf","cherylmillslitk",NA,1
"2249","toivnoraf","gordonphiliph",NA,2
"2250","toivnoraf","h",NA,8
"2251","toivnoraf","hammermichaela",NA,1
"2252","toivnoraf","humaabedin",NA,2
"2253","toivnoraf","jacobsjanicel",NA,4
"2254","toivnoraf","jacobsullivan",NA,12
"2255","toivnoraf","jonesstuart",NA,2
"2256","toivnoraf","kennedypatrickf",NA,1
"2257","toivnoraf","liebermanevelyn",NA,1
"2258","toivnoraf","mikeberman",NA,1
"2259","toivnoraf","millscheryl",NA,2
"2260","toivnoraf","mullstephend",NA,2
"2261","toivnoraf","perrymarkd",NA,1
"2262","toivnoraf","reinesphilippei",NA,2
"2263","toivnoraf","shannonthomasa",NA,1
"2264","toivnoraf","valmorolanaj",NA,1
"2265","toivnoraf","valmorolona",NA,1
"2266","toivnoraf","vogelsteinrachel",NA,1
"2267","valenzuelaarturoa","cherylmills","1.4(B),1.4(D)",1
"2268","valenzuelaarturoa","cherylmills",NA,1
"2269","valenzuelaarturoa","gipsdonaldh","1.4(B),1.4(D)",1
"2270","valenzuelaarturoa","gordonphiliph",NA,24
"2271","valenzuelaarturoa","h",NA,9
"2272","valenzuelaarturoa","H",NA,1
"2273","valenzuelaarturoa","humaabedin",NA,2
"2274","valenzuelaarturoa","jacobsullivan",NA,3
"2275","valenzuelaarturoa","kellycraiga",NA,2
"2276","valenzuelaarturoa","steinbergjamesb","1.4(D)",1
"2277","valenzuelaarturoa","yzaguirreraulh",NA,6
"2278","valmorolona","cherylmills","1.4(B),1.4(D)",1
"2279","valmorolona","cherylmills",NA,28
"2280","valmorolona","h",NA,294
"2281","valmorolona","H",NA,1
"2282","valmorolona","hanleymonicar",NA,1
"2283","valmorolona","hcrahedinhuma",NA,1
"2284","valmorolona","humaabedin",NA,22
"2285","valmorolona","iH",NA,1
"2286","valmorolona","jacobsullivan",NA,1
"2287","valmorolona","jamesalice",NA,1
"2288","valmorolona","jilotylaurenc",NA,1
"2289","valmorolona","mastromonacoalyssam",NA,2
"2290","valmorolona","preines",NA,3
"2291","valmorolona","reinesphilippei",NA,2
"2292","valmorolona","sH",NA,1
"2293","valmorolona","syedzia",NA,1
"2294","valmorolona","toivnoraf",NA,1
"2295","valmorolona","valmorolona",NA,9
"2296","vermarichardr","brimmerestherd",NA,1
"2297","vermarichardr","burnswilliam",NA,4
"2298","vermarichardr","cherylmills",NA,25
"2299","vermarichardr","davislula",NA,1
"2300","vermarichardr","h",NA,160
"2301","vermarichardr","H",NA,7
"2302","vermarichardr","Hi",NA,2
"2303","vermarichardr","higginscraig",NA,1
"2304","vermarichardr","hormatsrobertd",NA,2
"2305","vermarichardr","humaabedin",NA,14
"2306","vermarichardr","jacobsullivan",NA,7
"2307","vermarichardr","kennedypatrickf",NA,2
"2308","vermarichardr","lewjacob",NA,6
"2309","vermarichardr","macmanusjosephe",NA,2
"2310","vermarichardr","pascualcarlos",NA,1
"2311","vermarichardr","rodriguezmiguele",NA,5
"2312","vermarichardr","smithdanielb",NA,2
"2313","vermarichardr","steinbergjamesb",NA,9
"2314","vermarichardr","vermarichardr",NA,4
"2315","verveermelannes","biakerobertu",NA,1
"2316","verveermelannes","blakerobert","1.4(B),1.4(D)",1
"2317","verveermelannes","blakerobert",NA,4
"2318","verveermelannes","campbellkurtm",NA,1
"2319","verveermelannes","carsonjohnnie",NA,1
"2320","verveermelannes","cherylmills",NA,10
"2321","verveermelannes","crockerryanc",NA,2
"2322","verveermelannes","grossmanmarci",NA,1
"2323","verveermelannes","h","1.4 (D)",2
"2324","verveermelannes","h","1.4(B),1.4(D)",4
"2325","verveermelannes","h","1.4(D)",28
"2326","verveermelannes","h","1.4(D),B1",1
"2327","verveermelannes","h",NA,92
"2328","verveermelannes","H",NA,2
"2329","verveermelannes","hdr@clintonemail",NA,1
"2330","verveermelannes","hdr@clintonemaill",NA,1
"2331","verveermelannes","humaabedin",NA,1
"2332","verveermelannes","ihdr@clintonemair",NA,1
"2333","verveermelannes","iHi",NA,1
"2334","verveermelannes","jacobsullivan",NA,3
"2335","verveermelannes","jilotylaurenc",NA,1
"2336","verveermelannes","mckeanmargaretb",NA,4
"2337","verveermelannes","moriartyjamesf","1.4(B),1.4(D)",1
"2338","verveermelannes","moriartyjamesf","1.4(D)",6
"2339","verveermelannes","reinesphilippei",NA,1
"2340","verveermelannes","sH%cherylmills",NA,1
"2341","verveermelannes","subjectoriginalmessage","1.4(D)",1
"2342","verveermelannes","vjosadobruna",NA,2
"2343","wellsaliceg","burnswilliam",NA,1
"2344","wellsaliceg","cherylmills",NA,8
"2345","wellsaliceg","dibblephilol",NA,3
"2346","wellsaliceg","feltmanjeffreyd",NA,1
"2347","wellsaliceg","feltrnanjeffreyd",NA,1
"2348","wellsaliceg","hanleymonicar",NA,1
"2349","wellsaliceg","hanleymonicarh",NA,1
"2350","wellsaliceg","humaabedin",NA,1
"2351","wellsaliceg","jacobsullivan","1.4(B),1.4(D)",1
"2352","wellsaliceg","jacobsullivan",NA,18
"2353","wellsaliceg","ryurexony",NA,1
"2354","wellsaliceg","sullinrarm",NA,1
"2355","withersannem","newseur",NA,1
"2356","withersannem","newsiran",NA,1
"2357","withersannem","newsmahogany",NA,43
"2358","withersannem","newsnea",NA,1
